"url","locale","flagged","check_a_sku_url","check_b_sku_title_h1","page_title","h1","flag_reasons","http_status","check_b_skipped"
"https://evidentscientific.com/de/products/1460500/1460500","de","TRUE","TRUE","FALSE","","","SKU-style URL slug","N/A","TRUE"
"https://evidentscientific.com/de/products/562445024/562445024","de","TRUE","TRUE","FALSE","","","SKU-style URL slug","N/A","TRUE"
"https://evidentscientific.com/de/products/562445135/562445135","de","TRUE","TRUE","FALSE","","","SKU-style URL slug","N/A","TRUE"
"https://evidentscientific.com/de/products/8000302/8000302","de","TRUE","TRUE","FALSE","","","SKU-style URL slug","N/A","TRUE"
"https://evidentscientific.com/de/products/a822482/a822482","de","TRUE","TRUE","FALSE","","","SKU-style URL slug","N/A","TRUE"
"https://evidentscientific.com/de/products/aq885201/aq885201","de","TRUE","TRUE","FALSE","","","SKU-style URL slug","N/A","TRUE"
"https://evidentscientific.com/de/products/as208300/as208300","de","TRUE","TRUE","FALSE","","","SKU-style URL slug","N/A","TRUE"
"https://evidentscientific.com/de/products/av776901/av776901","de","TRUE","TRUE","FALSE","","","SKU-style URL slug","N/A","TRUE"
"https://evidentscientific.com/de/products/av832300/av832300","de","TRUE","TRUE","FALSE","","","SKU-style URL slug","N/A","TRUE"
"https://evidentscientific.com/de/products/aw096401/aw096401","de","TRUE","TRUE","FALSE","","","SKU-style URL slug","N/A","TRUE"
"https://evidentscientific.com/de/products/aw700200/aw700200","de","TRUE","TRUE","FALSE","","","SKU-style URL slug","N/A","TRUE"
"https://evidentscientific.com/de/products/aw763200/aw763200","de","TRUE","TRUE","FALSE","","","SKU-style URL slug","N/A","TRUE"
"https://evidentscientific.com/de/products/aw776500/aw776500","de","TRUE","TRUE","FALSE","","","SKU-style URL slug","N/A","TRUE"
"https://evidentscientific.com/de/products/ax0001/ax0001","de","TRUE","TRUE","FALSE","","","SKU-style URL slug","N/A","TRUE"
"https://evidentscientific.com/de/products/ax0003/ax0003","de","TRUE","TRUE","FALSE","","","SKU-style URL slug","N/A","TRUE"
"https://evidentscientific.com/de/products/dk521600/dk521600","de","TRUE","TRUE","FALSE","","","SKU-style URL slug","N/A","TRUE"
"https://evidentscientific.com/de/products/dl405700/dl405700","de","TRUE","TRUE","FALSE","","","SKU-style URL slug","N/A","TRUE"
"https://evidentscientific.com/de/products/do141301/do141301","de","TRUE","TRUE","FALSE","","","SKU-style URL slug","N/A","TRUE"
"https://evidentscientific.com/de/products/e0435882/e0435882","de","TRUE","TRUE","FALSE","","","SKU-style URL slug","N/A","TRUE"
"https://evidentscientific.com/de/products/e9700719/e9700719","de","TRUE","TRUE","FALSE","","","SKU-style URL slug","N/A","TRUE"
"https://evidentscientific.com/de/products/e9701557/e9701557","de","TRUE","TRUE","FALSE","","","SKU-style URL slug","N/A","TRUE"
"https://evidentscientific.com/de/products/e9701714/e9701714","de","TRUE","TRUE","FALSE","","","SKU-style URL slug","N/A","TRUE"
"https://evidentscientific.com/de/products/e9701832/e9701832","de","TRUE","TRUE","FALSE","","","SKU-style URL slug","N/A","TRUE"
"https://evidentscientific.com/de/products/e9701883/e9701883","de","TRUE","TRUE","FALSE","","","SKU-style URL slug","N/A","TRUE"
"https://evidentscientific.com/de/products/ja768201/ja768201","de","TRUE","TRUE","FALSE","","","SKU-style URL slug","N/A","TRUE"
"https://evidentscientific.com/de/products/jb428302/jb428302","de","TRUE","TRUE","FALSE","","","SKU-style URL slug","N/A","TRUE"
"https://evidentscientific.com/de/products/jb901600/jb901600","de","TRUE","TRUE","FALSE","","","SKU-style URL slug","N/A","TRUE"
"https://evidentscientific.com/de/products/jb952600/jb952600","de","TRUE","TRUE","FALSE","","","SKU-style URL slug","N/A","TRUE"
"https://evidentscientific.com/de/products/jd003700/jd003700","de","TRUE","TRUE","FALSE","","","SKU-style URL slug","N/A","TRUE"
"https://evidentscientific.com/de/products/jd022600/jd022600","de","TRUE","TRUE","FALSE","","","SKU-style URL slug","N/A","TRUE"
"https://evidentscientific.com/de/products/jd040800/jd040800","de","TRUE","TRUE","FALSE","","","SKU-style URL slug","N/A","TRUE"
"https://evidentscientific.com/de/products/ju552600/ju552600","de","TRUE","TRUE","FALSE","","","SKU-style URL slug","N/A","TRUE"
"https://evidentscientific.com/de/products/jw119700/jw119700","de","TRUE","TRUE","FALSE","","","SKU-style URL slug","N/A","TRUE"
"https://evidentscientific.com/de/products/jw121600/jw121600","de","TRUE","TRUE","FALSE","","","SKU-style URL slug","N/A","TRUE"
"https://evidentscientific.com/de/products/jw126000/jw126000","de","TRUE","TRUE","FALSE","","","SKU-style URL slug","N/A","TRUE"
"https://evidentscientific.com/de/products/jw135100/jw135100","de","TRUE","TRUE","FALSE","","","SKU-style URL slug","N/A","TRUE"
"https://evidentscientific.com/de/products/jw140800/jw140800","de","TRUE","TRUE","FALSE","","","SKU-style URL slug","N/A","TRUE"
"https://evidentscientific.com/de/products/jw149300/jw149300","de","TRUE","TRUE","FALSE","","","SKU-style URL slug","N/A","TRUE"
"https://evidentscientific.com/de/products/jw499400/jw499400","de","TRUE","TRUE","FALSE","","","SKU-style URL slug","N/A","TRUE"
"https://evidentscientific.com/de/products/jy418900/jy418900","de","TRUE","TRUE","FALSE","","","SKU-style URL slug","N/A","TRUE"
"https://evidentscientific.com/de/products/n1129900/n1129900","de","TRUE","TRUE","FALSE","","","SKU-style URL slug","N/A","TRUE"
"https://evidentscientific.com/de/products/n1130000/n1130000","de","TRUE","TRUE","FALSE","","","SKU-style URL slug","N/A","TRUE"
"https://evidentscientific.com/de/products/n1153000/n1153000","de","TRUE","TRUE","FALSE","","","SKU-style URL slug","N/A","TRUE"
"https://evidentscientific.com/de/products/n1157500/n1157500","de","TRUE","TRUE","FALSE","","","SKU-style URL slug","N/A","TRUE"
"https://evidentscientific.com/de/products/n1198000/n1198000","de","TRUE","TRUE","FALSE","","","SKU-style URL slug","N/A","TRUE"
"https://evidentscientific.com/de/products/n1198100/n1198100","de","TRUE","TRUE","FALSE","","","SKU-style URL slug","N/A","TRUE"
"https://evidentscientific.com/de/products/n1198200/n1198200","de","TRUE","TRUE","FALSE","","","SKU-style URL slug","N/A","TRUE"
"https://evidentscientific.com/de/products/n1198300/n1198300","de","TRUE","TRUE","FALSE","","","SKU-style URL slug","N/A","TRUE"
"https://evidentscientific.com/de/products/n1199900/n1199900","de","TRUE","TRUE","FALSE","","","SKU-style URL slug","N/A","TRUE"
"https://evidentscientific.com/de/products/n1200000/n1200000","de","TRUE","TRUE","FALSE","","","SKU-style URL slug","N/A","TRUE"
"https://evidentscientific.com/de/products/n1200600/n1200600","de","TRUE","TRUE","FALSE","","","SKU-style URL slug","N/A","TRUE"
"https://evidentscientific.com/de/products/n1215800/n1215800","de","TRUE","TRUE","FALSE","","","SKU-style URL slug","N/A","TRUE"
"https://evidentscientific.com/de/products/n1216500/n1216500","de","TRUE","TRUE","FALSE","","","SKU-style URL slug","N/A","TRUE"
"https://evidentscientific.com/de/products/n1220900/n1220900","de","TRUE","TRUE","FALSE","","","SKU-style URL slug","N/A","TRUE"
"https://evidentscientific.com/de/products/n1221000/n1221000","de","TRUE","TRUE","FALSE","","","SKU-style URL slug","N/A","TRUE"
"https://evidentscientific.com/de/products/n1221200/n1221200","de","TRUE","TRUE","FALSE","","","SKU-style URL slug","N/A","TRUE"
"https://evidentscientific.com/de/products/n1468400/n1468400","de","TRUE","TRUE","FALSE","","","SKU-style URL slug","N/A","TRUE"
"https://evidentscientific.com/de/products/n1480000/n1480000","de","TRUE","TRUE","FALSE","","","SKU-style URL slug","N/A","TRUE"
"https://evidentscientific.com/de/products/n1480100/n1480100","de","TRUE","TRUE","FALSE","","","SKU-style URL slug","N/A","TRUE"
"https://evidentscientific.com/de/products/n1480200/n1480200","de","TRUE","TRUE","FALSE","","","SKU-style URL slug","N/A","TRUE"
"https://evidentscientific.com/de/products/n1480300/n1480300","de","TRUE","TRUE","FALSE","","","SKU-style URL slug","N/A","TRUE"
"https://evidentscientific.com/de/products/n1480500/n1480500","de","TRUE","TRUE","FALSE","","","SKU-style URL slug","N/A","TRUE"
"https://evidentscientific.com/de/products/n1480700/n1480700","de","TRUE","TRUE","FALSE","","","SKU-style URL slug","N/A","TRUE"
"https://evidentscientific.com/de/products/n1480800/n1480800","de","TRUE","TRUE","FALSE","","","SKU-style URL slug","N/A","TRUE"
"https://evidentscientific.com/de/products/n1480900/n1480900","de","TRUE","TRUE","FALSE","","","SKU-style URL slug","N/A","TRUE"
"https://evidentscientific.com/de/products/n1489500/n1489500","de","TRUE","TRUE","FALSE","","","SKU-style URL slug","N/A","TRUE"
"https://evidentscientific.com/de/products/n1491600/n1491600","de","TRUE","TRUE","FALSE","","","SKU-style URL slug","N/A","TRUE"
"https://evidentscientific.com/de/products/n1507300/n1507300","de","TRUE","TRUE","FALSE","","","SKU-style URL slug","N/A","TRUE"
"https://evidentscientific.com/de/products/n1507400/n1507400","de","TRUE","TRUE","FALSE","","","SKU-style URL slug","N/A","TRUE"
"https://evidentscientific.com/de/products/n1507600/n1507600","de","TRUE","TRUE","FALSE","","","SKU-style URL slug","N/A","TRUE"
"https://evidentscientific.com/de/products/n1507800/n1507800","de","TRUE","TRUE","FALSE","","","SKU-style URL slug","N/A","TRUE"
"https://evidentscientific.com/de/products/n1507900/n1507900","de","TRUE","TRUE","FALSE","","","SKU-style URL slug","N/A","TRUE"
"https://evidentscientific.com/de/products/n1510600/n1510600","de","TRUE","TRUE","FALSE","","","SKU-style URL slug","N/A","TRUE"
"https://evidentscientific.com/de/products/n1510900/n1510900","de","TRUE","TRUE","FALSE","","","SKU-style URL slug","N/A","TRUE"
"https://evidentscientific.com/de/products/n1511000/n1511000","de","TRUE","TRUE","FALSE","","","SKU-style URL slug","N/A","TRUE"
"https://evidentscientific.com/de/products/n1511200/n1511200","de","TRUE","TRUE","FALSE","","","SKU-style URL slug","N/A","TRUE"
"https://evidentscientific.com/de/products/n1511300/n1511300","de","TRUE","TRUE","FALSE","","","SKU-style URL slug","N/A","TRUE"
"https://evidentscientific.com/de/products/n1561400/n1561400","de","TRUE","TRUE","FALSE","","","SKU-style URL slug","N/A","TRUE"
"https://evidentscientific.com/de/products/n1977500/n1977500","de","TRUE","TRUE","FALSE","","","SKU-style URL slug","N/A","TRUE"
"https://evidentscientific.com/de/products/n1977800/n1977800","de","TRUE","TRUE","FALSE","","","SKU-style URL slug","N/A","TRUE"
"https://evidentscientific.com/de/products/n1977900/n1977900","de","TRUE","TRUE","FALSE","","","SKU-style URL slug","N/A","TRUE"
"https://evidentscientific.com/de/products/n1978100/n1978100","de","TRUE","TRUE","FALSE","","","SKU-style URL slug","N/A","TRUE"
"https://evidentscientific.com/de/products/n1978300/n1978300","de","TRUE","TRUE","FALSE","","","SKU-style URL slug","N/A","TRUE"
"https://evidentscientific.com/de/products/n1978400/n1978400","de","TRUE","TRUE","FALSE","","","SKU-style URL slug","N/A","TRUE"
"https://evidentscientific.com/de/products/n1979600/n1979600","de","TRUE","TRUE","FALSE","","","SKU-style URL slug","N/A","TRUE"
"https://evidentscientific.com/de/products/n2165400/n2165400","de","TRUE","TRUE","FALSE","","","SKU-style URL slug","N/A","TRUE"
"https://evidentscientific.com/de/products/n2165600/n2165600","de","TRUE","TRUE","FALSE","","","SKU-style URL slug","N/A","TRUE"
"https://evidentscientific.com/de/products/n2178900/n2178900","de","TRUE","TRUE","FALSE","","","SKU-style URL slug","N/A","TRUE"
"https://evidentscientific.com/de/products/n2181000/n2181000","de","TRUE","TRUE","FALSE","","","SKU-style URL slug","N/A","TRUE"
"https://evidentscientific.com/de/products/n2181100/n2181100","de","TRUE","TRUE","FALSE","","","SKU-style URL slug","N/A","TRUE"
"https://evidentscientific.com/de/products/n2181200/n2181200","de","TRUE","TRUE","FALSE","","","SKU-style URL slug","N/A","TRUE"
"https://evidentscientific.com/de/products/n2181300/n2181300","de","TRUE","TRUE","FALSE","","","SKU-style URL slug","N/A","TRUE"
"https://evidentscientific.com/de/products/n2181400/n2181400","de","TRUE","TRUE","FALSE","","","SKU-style URL slug","N/A","TRUE"
"https://evidentscientific.com/de/products/n2181800/n2181800","de","TRUE","TRUE","FALSE","","","SKU-style URL slug","N/A","TRUE"
"https://evidentscientific.com/de/products/n2181900/n2181900","de","TRUE","TRUE","FALSE","","","SKU-style URL slug","N/A","TRUE"
"https://evidentscientific.com/de/products/n2182300/n2182300","de","TRUE","TRUE","FALSE","","","SKU-style URL slug","N/A","TRUE"
"https://evidentscientific.com/de/products/n2182400/n2182400","de","TRUE","TRUE","FALSE","","","SKU-style URL slug","N/A","TRUE"
"https://evidentscientific.com/de/products/n2182500/n2182500","de","TRUE","TRUE","FALSE","","","SKU-style URL slug","N/A","TRUE"
"https://evidentscientific.com/de/products/n2182900/n2182900","de","TRUE","TRUE","FALSE","","","SKU-style URL slug","N/A","TRUE"
"https://evidentscientific.com/de/products/n2183000/n2183000","de","TRUE","TRUE","FALSE","","","SKU-style URL slug","N/A","TRUE"
"https://evidentscientific.com/de/products/n2183100/n2183100","de","TRUE","TRUE","FALSE","","","SKU-style URL slug","N/A","TRUE"
"https://evidentscientific.com/de/products/n2183200/n2183200","de","TRUE","TRUE","FALSE","","","SKU-style URL slug","N/A","TRUE"
"https://evidentscientific.com/de/products/n2183300/n2183300","de","TRUE","TRUE","FALSE","","","SKU-style URL slug","N/A","TRUE"
"https://evidentscientific.com/de/products/n2183400/n2183400","de","TRUE","TRUE","FALSE","","","SKU-style URL slug","N/A","TRUE"
"https://evidentscientific.com/de/products/n2183500/n2183500","de","TRUE","TRUE","FALSE","","","SKU-style URL slug","N/A","TRUE"
"https://evidentscientific.com/de/products/n2183600/n2183600","de","TRUE","TRUE","FALSE","","","SKU-style URL slug","N/A","TRUE"
"https://evidentscientific.com/de/products/n2183700/n2183700","de","TRUE","TRUE","FALSE","","","SKU-style URL slug","N/A","TRUE"
"https://evidentscientific.com/de/products/n2183800/n2183800","de","TRUE","TRUE","FALSE","","","SKU-style URL slug","N/A","TRUE"
"https://evidentscientific.com/de/products/n2183900/n2183900","de","TRUE","TRUE","FALSE","","","SKU-style URL slug","N/A","TRUE"
"https://evidentscientific.com/de/products/n2184000/n2184000","de","TRUE","TRUE","FALSE","","","SKU-style URL slug","N/A","TRUE"
"https://evidentscientific.com/de/products/n2190100/n2190100","de","TRUE","TRUE","FALSE","","","SKU-style URL slug","N/A","TRUE"
"https://evidentscientific.com/de/products/n2190200/n2190200","de","TRUE","TRUE","FALSE","","","SKU-style URL slug","N/A","TRUE"
"https://evidentscientific.com/de/products/n2190400/n2190400","de","TRUE","TRUE","FALSE","","","SKU-style URL slug","N/A","TRUE"
"https://evidentscientific.com/de/products/n2190900/n2190900","de","TRUE","TRUE","FALSE","","","SKU-style URL slug","N/A","TRUE"
"https://evidentscientific.com/de/products/n2191000/n2191000","de","TRUE","TRUE","FALSE","","","SKU-style URL slug","N/A","TRUE"
"https://evidentscientific.com/de/products/n2192400/n2192400","de","TRUE","TRUE","FALSE","","","SKU-style URL slug","N/A","TRUE"
"https://evidentscientific.com/de/products/n2194100/n2194100","de","TRUE","TRUE","FALSE","","","SKU-style URL slug","N/A","TRUE"
"https://evidentscientific.com/de/products/n2205200/n2205200","de","TRUE","TRUE","FALSE","","","SKU-style URL slug","N/A","TRUE"
"https://evidentscientific.com/de/products/n2215900/n2215900","de","TRUE","TRUE","FALSE","","","SKU-style URL slug","N/A","TRUE"
"https://evidentscientific.com/de/products/n2216000/n2216000","de","TRUE","TRUE","FALSE","","","SKU-style URL slug","N/A","TRUE"
"https://evidentscientific.com/de/products/n2216100/n2216100","de","TRUE","TRUE","FALSE","","","SKU-style URL slug","N/A","TRUE"
"https://evidentscientific.com/de/products/n2216300/n2216300","de","TRUE","TRUE","FALSE","","","SKU-style URL slug","N/A","TRUE"
"https://evidentscientific.com/de/products/n2246400/n2246400","de","TRUE","TRUE","FALSE","","","SKU-style URL slug","N/A","TRUE"
"https://evidentscientific.com/de/products/n2246500/n2246500","de","TRUE","TRUE","FALSE","","","SKU-style URL slug","N/A","TRUE"
"https://evidentscientific.com/de/products/n2246600/n2246600","de","TRUE","TRUE","FALSE","","","SKU-style URL slug","N/A","TRUE"
"https://evidentscientific.com/de/products/n2246700/n2246700","de","TRUE","TRUE","FALSE","","","SKU-style URL slug","N/A","TRUE"
"https://evidentscientific.com/de/products/n2249100/n2249100","de","TRUE","TRUE","FALSE","","","SKU-style URL slug","N/A","TRUE"
"https://evidentscientific.com/de/products/n2667500/n2667500","de","TRUE","TRUE","FALSE","","","SKU-style URL slug","N/A","TRUE"
"https://evidentscientific.com/de/products/n2667600/n2667600","de","TRUE","TRUE","FALSE","","","SKU-style URL slug","N/A","TRUE"
"https://evidentscientific.com/de/products/n2667700/n2667700","de","TRUE","TRUE","FALSE","","","SKU-style URL slug","N/A","TRUE"
"https://evidentscientific.com/de/products/n2667800/n2667800","de","TRUE","TRUE","FALSE","","","SKU-style URL slug","N/A","TRUE"
"https://evidentscientific.com/de/products/n2667900/n2667900","de","TRUE","TRUE","FALSE","","","SKU-style URL slug","N/A","TRUE"
"https://evidentscientific.com/de/products/n2678200/n2678200","de","TRUE","TRUE","FALSE","","","SKU-style URL slug","N/A","TRUE"
"https://evidentscientific.com/de/products/n2678300/n2678300","de","TRUE","TRUE","FALSE","","","SKU-style URL slug","N/A","TRUE"
"https://evidentscientific.com/de/products/n2678400/n2678400","de","TRUE","TRUE","FALSE","","","SKU-style URL slug","N/A","TRUE"
"https://evidentscientific.com/de/products/n2699300/n2699300","de","TRUE","TRUE","FALSE","","","SKU-style URL slug","N/A","TRUE"
"https://evidentscientific.com/de/products/n2699400/n2699400","de","TRUE","TRUE","FALSE","","","SKU-style URL slug","N/A","TRUE"
"https://evidentscientific.com/de/products/n2699600/n2699600","de","TRUE","TRUE","FALSE","","","SKU-style URL slug","N/A","TRUE"
"https://evidentscientific.com/de/products/n2709100/n2709100","de","TRUE","TRUE","FALSE","","","SKU-style URL slug","N/A","TRUE"
"https://evidentscientific.com/de/products/n2709300/n2709300","de","TRUE","TRUE","FALSE","","","SKU-style URL slug","N/A","TRUE"
"https://evidentscientific.com/de/products/n2709400/n2709400","de","TRUE","TRUE","FALSE","","","SKU-style URL slug","N/A","TRUE"
"https://evidentscientific.com/de/products/n2709500/n2709500","de","TRUE","TRUE","FALSE","","","SKU-style URL slug","N/A","TRUE"
"https://evidentscientific.com/de/products/n2709600/n2709600","de","TRUE","TRUE","FALSE","","","SKU-style URL slug","N/A","TRUE"
"https://evidentscientific.com/de/products/n2711800/n2711800","de","TRUE","TRUE","FALSE","","","SKU-style URL slug","N/A","TRUE"
"https://evidentscientific.com/de/products/n2711900/n2711900","de","TRUE","TRUE","FALSE","","","SKU-style URL slug","N/A","TRUE"
"https://evidentscientific.com/de/products/n2712000/n2712000","de","TRUE","TRUE","FALSE","","","SKU-style URL slug","N/A","TRUE"
"https://evidentscientific.com/de/products/n2712100/n2712100","de","TRUE","TRUE","FALSE","","","SKU-style URL slug","N/A","TRUE"
"https://evidentscientific.com/de/products/n2712300/n2712300","de","TRUE","TRUE","FALSE","","","SKU-style URL slug","N/A","TRUE"
"https://evidentscientific.com/de/products/n2712500/n2712500","de","TRUE","TRUE","FALSE","","","SKU-style URL slug","N/A","TRUE"
"https://evidentscientific.com/de/products/n2712600/n2712600","de","TRUE","TRUE","FALSE","","","SKU-style URL slug","N/A","TRUE"
"https://evidentscientific.com/de/products/n2712700/n2712700","de","TRUE","TRUE","FALSE","","","SKU-style URL slug","N/A","TRUE"
"https://evidentscientific.com/de/products/n2712800/n2712800","de","TRUE","TRUE","FALSE","","","SKU-style URL slug","N/A","TRUE"
"https://evidentscientific.com/de/products/n2712900/n2712900","de","TRUE","TRUE","FALSE","","","SKU-style URL slug","N/A","TRUE"
"https://evidentscientific.com/de/products/n2713000/n2713000","de","TRUE","TRUE","FALSE","","","SKU-style URL slug","N/A","TRUE"
"https://evidentscientific.com/de/products/n2713100/n2713100","de","TRUE","TRUE","FALSE","","","SKU-style URL slug","N/A","TRUE"
"https://evidentscientific.com/de/products/n2713200/n2713200","de","TRUE","TRUE","FALSE","","","SKU-style URL slug","N/A","TRUE"
"https://evidentscientific.com/de/products/n2713300/n2713300","de","TRUE","TRUE","FALSE","","","SKU-style URL slug","N/A","TRUE"
"https://evidentscientific.com/de/products/n2713400/n2713400","de","TRUE","TRUE","FALSE","","","SKU-style URL slug","N/A","TRUE"
"https://evidentscientific.com/de/products/n2713500/n2713500","de","TRUE","TRUE","FALSE","","","SKU-style URL slug","N/A","TRUE"
"https://evidentscientific.com/de/products/n2713600/n2713600","de","TRUE","TRUE","FALSE","","","SKU-style URL slug","N/A","TRUE"
"https://evidentscientific.com/de/products/n2713700/n2713700","de","TRUE","TRUE","FALSE","","","SKU-style URL slug","N/A","TRUE"
"https://evidentscientific.com/de/products/n2713800/n2713800","de","TRUE","TRUE","FALSE","","","SKU-style URL slug","N/A","TRUE"
"https://evidentscientific.com/de/products/n2738000/n2738000","de","TRUE","TRUE","FALSE","","","SKU-style URL slug","N/A","TRUE"
"https://evidentscientific.com/de/products/n2738700/n2738700","de","TRUE","TRUE","FALSE","","","SKU-style URL slug","N/A","TRUE"
"https://evidentscientific.com/de/products/n2738800/n2738800","de","TRUE","TRUE","FALSE","","","SKU-style URL slug","N/A","TRUE"
"https://evidentscientific.com/de/products/n2738900/n2738900","de","TRUE","TRUE","FALSE","","","SKU-style URL slug","N/A","TRUE"
"https://evidentscientific.com/de/products/n2739000/n2739000","de","TRUE","TRUE","FALSE","","","SKU-style URL slug","N/A","TRUE"
"https://evidentscientific.com/de/products/n2739100/n2739100","de","TRUE","TRUE","FALSE","","","SKU-style URL slug","N/A","TRUE"
"https://evidentscientific.com/de/products/n2750100/n2750100","de","TRUE","TRUE","FALSE","","","SKU-style URL slug","N/A","TRUE"
"https://evidentscientific.com/de/products/n2750300/n2750300","de","TRUE","TRUE","FALSE","","","SKU-style URL slug","N/A","TRUE"
"https://evidentscientific.com/de/products/n2756500/n2756500","de","TRUE","TRUE","FALSE","","","SKU-style URL slug","N/A","TRUE"
"https://evidentscientific.com/de/products/n2756600/n2756600","de","TRUE","TRUE","FALSE","","","SKU-style URL slug","N/A","TRUE"
"https://evidentscientific.com/de/products/n2757000/n2757000","de","TRUE","TRUE","FALSE","","","SKU-style URL slug","N/A","TRUE"
"https://evidentscientific.com/de/products/n2757400/n2757400","de","TRUE","TRUE","FALSE","","","SKU-style URL slug","N/A","TRUE"
"https://evidentscientific.com/de/products/n4212100/n4212100","de","TRUE","TRUE","FALSE","","","SKU-style URL slug","N/A","TRUE"
"https://evidentscientific.com/de/products/n4227000/n4227000","de","TRUE","TRUE","FALSE","","","SKU-style URL slug","N/A","TRUE"
"https://evidentscientific.com/de/products/n4235000/n4235000","de","TRUE","TRUE","FALSE","","","SKU-style URL slug","N/A","TRUE"
"https://evidentscientific.com/de/products/n4245300/n4245300","de","TRUE","TRUE","FALSE","","","SKU-style URL slug","N/A","TRUE"
"https://evidentscientific.com/de/products/n4245600/n4245600","de","TRUE","TRUE","FALSE","","","SKU-style URL slug","N/A","TRUE"
"https://evidentscientific.com/de/products/n4246000/n4246000","de","TRUE","TRUE","FALSE","","","SKU-style URL slug","N/A","TRUE"
"https://evidentscientific.com/de/products/n4246100/n4246100","de","TRUE","TRUE","FALSE","","","SKU-style URL slug","N/A","TRUE"
"https://evidentscientific.com/de/products/n4247500/n4247500","de","TRUE","TRUE","FALSE","","","SKU-style URL slug","N/A","TRUE"
"https://evidentscientific.com/de/products/n4247600/n4247600","de","TRUE","TRUE","FALSE","","","SKU-style URL slug","N/A","TRUE"
"https://evidentscientific.com/de/products/n4247700/n4247700","de","TRUE","TRUE","FALSE","","","SKU-style URL slug","N/A","TRUE"
"https://evidentscientific.com/de/products/n4248100/n4248100","de","TRUE","TRUE","FALSE","","","SKU-style URL slug","N/A","TRUE"
"https://evidentscientific.com/de/products/n4248400/n4248400","de","TRUE","TRUE","FALSE","","","SKU-style URL slug","N/A","TRUE"
"https://evidentscientific.com/de/products/n4257800/n4257800","de","TRUE","TRUE","FALSE","","","SKU-style URL slug","N/A","TRUE"
"https://evidentscientific.com/de/products/n4262300/n4262300","de","TRUE","TRUE","FALSE","","","SKU-style URL slug","N/A","TRUE"
"https://evidentscientific.com/de/products/n4273900/n4273900","de","TRUE","TRUE","FALSE","","","SKU-style URL slug","N/A","TRUE"
"https://evidentscientific.com/de/products/n4274000/n4274000","de","TRUE","TRUE","FALSE","","","SKU-style URL slug","N/A","TRUE"
"https://evidentscientific.com/de/products/n4274100/n4274100","de","TRUE","TRUE","FALSE","","","SKU-style URL slug","N/A","TRUE"
"https://evidentscientific.com/de/products/n5145300/n5145300","de","TRUE","TRUE","FALSE","","","SKU-style URL slug","N/A","TRUE"
"https://evidentscientific.com/de/products/n5165000/n5165000","de","TRUE","TRUE","FALSE","","","SKU-style URL slug","N/A","TRUE"
"https://evidentscientific.com/de/products/n5165100/n5165100","de","TRUE","TRUE","FALSE","","","SKU-style URL slug","N/A","TRUE"
"https://evidentscientific.com/de/products/n5165200/n5165200","de","TRUE","TRUE","FALSE","","","SKU-style URL slug","N/A","TRUE"
"https://evidentscientific.com/de/products/n5186100/n5186100","de","TRUE","TRUE","FALSE","","","SKU-style URL slug","N/A","TRUE"
"https://evidentscientific.com/de/products/n5186200/n5186200","de","TRUE","TRUE","FALSE","","","SKU-style URL slug","N/A","TRUE"
"https://evidentscientific.com/de/products/n5186300/n5186300","de","TRUE","TRUE","FALSE","","","SKU-style URL slug","N/A","TRUE"
"https://evidentscientific.com/de/products/n5186400/n5186400","de","TRUE","TRUE","FALSE","","","SKU-style URL slug","N/A","TRUE"
"https://evidentscientific.com/de/products/n5186500/n5186500","de","TRUE","TRUE","FALSE","","","SKU-style URL slug","N/A","TRUE"
"https://evidentscientific.com/de/products/n5202500/n5202500","de","TRUE","TRUE","FALSE","","","SKU-style URL slug","N/A","TRUE"
"https://evidentscientific.com/de/products/n5202600/n5202600","de","TRUE","TRUE","FALSE","","","SKU-style URL slug","N/A","TRUE"
"https://evidentscientific.com/de/products/n5202900/n5202900","de","TRUE","TRUE","FALSE","","","SKU-style URL slug","N/A","TRUE"
"https://evidentscientific.com/de/products/n5203000/n5203000","de","TRUE","TRUE","FALSE","","","SKU-style URL slug","N/A","TRUE"
"https://evidentscientific.com/de/products/n5203100/n5203100","de","TRUE","TRUE","FALSE","","","SKU-style URL slug","N/A","TRUE"
"https://evidentscientific.com/de/products/n5228400/n5228400","de","TRUE","TRUE","FALSE","","","SKU-style URL slug","N/A","TRUE"
"https://evidentscientific.com/de/products/n5228500/n5228500","de","TRUE","TRUE","FALSE","","","SKU-style URL slug","N/A","TRUE"
"https://evidentscientific.com/de/products/n5228800/n5228800","de","TRUE","TRUE","FALSE","","","SKU-style URL slug","N/A","TRUE"
"https://evidentscientific.com/de/products/n5228900/n5228900","de","TRUE","TRUE","FALSE","","","SKU-style URL slug","N/A","TRUE"
"https://evidentscientific.com/de/products/n5229200/n5229200","de","TRUE","TRUE","FALSE","","","SKU-style URL slug","N/A","TRUE"
"https://evidentscientific.com/de/products/n5232100/n5232100","de","TRUE","TRUE","FALSE","","","SKU-style URL slug","N/A","TRUE"
"https://evidentscientific.com/de/products/n5667800/n5667800","de","TRUE","TRUE","FALSE","","","SKU-style URL slug","N/A","TRUE"
"https://evidentscientific.com/de/products/n5669300/n5669300","de","TRUE","TRUE","FALSE","","","SKU-style URL slug","N/A","TRUE"
"https://evidentscientific.com/de/products/n5687100/n5687100","de","TRUE","TRUE","FALSE","","","SKU-style URL slug","N/A","TRUE"
"https://evidentscientific.com/de/products/n5687200/n5687200","de","TRUE","TRUE","FALSE","","","SKU-style URL slug","N/A","TRUE"
"https://evidentscientific.com/de/products/n5701600/n5701600","de","TRUE","TRUE","FALSE","","","SKU-style URL slug","N/A","TRUE"
"https://evidentscientific.com/de/products/n5701700/n5701700","de","TRUE","TRUE","FALSE","","","SKU-style URL slug","N/A","TRUE"
"https://evidentscientific.com/de/products/n5702700/n5702700","de","TRUE","TRUE","FALSE","","","SKU-style URL slug","N/A","TRUE"
"https://evidentscientific.com/de/products/n5703200/n5703200","de","TRUE","TRUE","FALSE","","","SKU-style URL slug","N/A","TRUE"
"https://evidentscientific.com/de/products/n5703300/n5703300","de","TRUE","TRUE","FALSE","","","SKU-style URL slug","N/A","TRUE"
"https://evidentscientific.com/de/products/n5703400/n5703400","de","TRUE","TRUE","FALSE","","","SKU-style URL slug","N/A","TRUE"
"https://evidentscientific.com/de/products/n5703500/n5703500","de","TRUE","TRUE","FALSE","","","SKU-style URL slug","N/A","TRUE"
"https://evidentscientific.com/de/products/n5703600/n5703600","de","TRUE","TRUE","FALSE","","","SKU-style URL slug","N/A","TRUE"
"https://evidentscientific.com/de/products/n5703700/n5703700","de","TRUE","TRUE","FALSE","","","SKU-style URL slug","N/A","TRUE"
"https://evidentscientific.com/de/products/n5703800/n5703800","de","TRUE","TRUE","FALSE","","","SKU-style URL slug","N/A","TRUE"
"https://evidentscientific.com/de/products/n5703900/n5703900","de","TRUE","TRUE","FALSE","","","SKU-style URL slug","N/A","TRUE"
"https://evidentscientific.com/de/products/n5704000/n5704000","de","TRUE","TRUE","FALSE","","","SKU-style URL slug","N/A","TRUE"
"https://evidentscientific.com/de/products/n5704700/n5704700","de","TRUE","TRUE","FALSE","","","SKU-style URL slug","N/A","TRUE"
"https://evidentscientific.com/de/products/n5743700/n5743700","de","TRUE","TRUE","FALSE","","","SKU-style URL slug","N/A","TRUE"
"https://evidentscientific.com/de/products/n5743800/n5743800","de","TRUE","TRUE","FALSE","","","SKU-style URL slug","N/A","TRUE"
"https://evidentscientific.com/de/products/n5743900/n5743900","de","TRUE","TRUE","FALSE","","","SKU-style URL slug","N/A","TRUE"
"https://evidentscientific.com/de/products/n5744000/n5744000","de","TRUE","TRUE","FALSE","","","SKU-style URL slug","N/A","TRUE"
"https://evidentscientific.com/de/products/n5744100/n5744100","de","TRUE","TRUE","FALSE","","","SKU-style URL slug","N/A","TRUE"
"https://evidentscientific.com/de/products/n5744200/n5744200","de","TRUE","TRUE","FALSE","","","SKU-style URL slug","N/A","TRUE"
"https://evidentscientific.com/de/products/n5744300/n5744300","de","TRUE","TRUE","FALSE","","","SKU-style URL slug","N/A","TRUE"
"https://evidentscientific.com/de/products/n5744400/n5744400","de","TRUE","TRUE","FALSE","","","SKU-style URL slug","N/A","TRUE"
"https://evidentscientific.com/de/products/n5744500/n5744500","de","TRUE","TRUE","FALSE","","","SKU-style URL slug","N/A","TRUE"
"https://evidentscientific.com/de/products/n5744600/n5744600","de","TRUE","TRUE","FALSE","","","SKU-style URL slug","N/A","TRUE"
"https://evidentscientific.com/de/products/n6389000/n6389000","de","TRUE","TRUE","FALSE","","","SKU-style URL slug","N/A","TRUE"
"https://evidentscientific.com/de/products/n6389100/n6389100","de","TRUE","TRUE","FALSE","","","SKU-style URL slug","N/A","TRUE"
"https://evidentscientific.com/de/products/n6389200/n6389200","de","TRUE","TRUE","FALSE","","","SKU-style URL slug","N/A","TRUE"
"https://evidentscientific.com/de/products/n6389300/n6389300","de","TRUE","TRUE","FALSE","","","SKU-style URL slug","N/A","TRUE"
"https://evidentscientific.com/de/products/n6389400/n6389400","de","TRUE","TRUE","FALSE","","","SKU-style URL slug","N/A","TRUE"
"https://evidentscientific.com/de/products/n6389500/n6389500","de","TRUE","TRUE","FALSE","","","SKU-style URL slug","N/A","TRUE"
"https://evidentscientific.com/de/products/n6389600/n6389600","de","TRUE","TRUE","FALSE","","","SKU-style URL slug","N/A","TRUE"
"https://evidentscientific.com/de/products/n6389700/n6389700","de","TRUE","TRUE","FALSE","","","SKU-style URL slug","N/A","TRUE"
"https://evidentscientific.com/de/products/n6432600/n6432600","de","TRUE","TRUE","FALSE","","","SKU-style URL slug","N/A","TRUE"
"https://evidentscientific.com/de/products/n6432700/n6432700","de","TRUE","TRUE","FALSE","","","SKU-style URL slug","N/A","TRUE"
"https://evidentscientific.com/de/products/n6432900/n6432900","de","TRUE","TRUE","FALSE","","","SKU-style URL slug","N/A","TRUE"
"https://evidentscientific.com/de/products/n6433000/n6433000","de","TRUE","TRUE","FALSE","","","SKU-style URL slug","N/A","TRUE"
"https://evidentscientific.com/de/products/n6433100/n6433100","de","TRUE","TRUE","FALSE","","","SKU-style URL slug","N/A","TRUE"
"https://evidentscientific.com/de/products/n6433200/n6433200","de","TRUE","TRUE","FALSE","","","SKU-style URL slug","N/A","TRUE"
"https://evidentscientific.com/de/products/n6433300/n6433300","de","TRUE","TRUE","FALSE","","","SKU-style URL slug","N/A","TRUE"
"https://evidentscientific.com/de/products/n6433400/n6433400","de","TRUE","TRUE","FALSE","","","SKU-style URL slug","N/A","TRUE"
"https://evidentscientific.com/de/products/n6433500/n6433500","de","TRUE","TRUE","FALSE","","","SKU-style URL slug","N/A","TRUE"
"https://evidentscientific.com/de/products/n6433600/n6433600","de","TRUE","TRUE","FALSE","","","SKU-style URL slug","N/A","TRUE"
"https://evidentscientific.com/de/products/n6433700/n6433700","de","TRUE","TRUE","FALSE","","","SKU-style URL slug","N/A","TRUE"
"https://evidentscientific.com/de/products/n6433800/n6433800","de","TRUE","TRUE","FALSE","","","SKU-style URL slug","N/A","TRUE"
"https://evidentscientific.com/de/products/n6444400/n6444400","de","TRUE","TRUE","FALSE","","","SKU-style URL slug","N/A","TRUE"
"https://evidentscientific.com/de/products/n6444500/n6444500","de","TRUE","TRUE","FALSE","","","SKU-style URL slug","N/A","TRUE"
"https://evidentscientific.com/de/products/n6444600/n6444600","de","TRUE","TRUE","FALSE","","","SKU-style URL slug","N/A","TRUE"
"https://evidentscientific.com/de/products/n6444700/n6444700","de","TRUE","TRUE","FALSE","","","SKU-style URL slug","N/A","TRUE"
"https://evidentscientific.com/de/products/n6444800/n6444800","de","TRUE","TRUE","FALSE","","","SKU-style URL slug","N/A","TRUE"
"https://evidentscientific.com/de/products/n6444900/n6444900","de","TRUE","TRUE","FALSE","","","SKU-style URL slug","N/A","TRUE"
"https://evidentscientific.com/de/products/n6445000/n6445000","de","TRUE","TRUE","FALSE","","","SKU-style URL slug","N/A","TRUE"
"https://evidentscientific.com/de/products/n6445100/n6445100","de","TRUE","TRUE","FALSE","","","SKU-style URL slug","N/A","TRUE"
"https://evidentscientific.com/de/products/n6445200/n6445200","de","TRUE","TRUE","FALSE","","","SKU-style URL slug","N/A","TRUE"
"https://evidentscientific.com/de/products/n6445300/n6445300","de","TRUE","TRUE","FALSE","","","SKU-style URL slug","N/A","TRUE"
"https://evidentscientific.com/de/products/n6445400/n6445400","de","TRUE","TRUE","FALSE","","","SKU-style URL slug","N/A","TRUE"
"https://evidentscientific.com/de/products/n6445500/n6445500","de","TRUE","TRUE","FALSE","","","SKU-style URL slug","N/A","TRUE"
"https://evidentscientific.com/de/products/n6445600/n6445600","de","TRUE","TRUE","FALSE","","","SKU-style URL slug","N/A","TRUE"
"https://evidentscientific.com/de/products/n6454300/n6454300","de","TRUE","TRUE","FALSE","","","SKU-style URL slug","N/A","TRUE"
"https://evidentscientific.com/de/products/n6454400/n6454400","de","TRUE","TRUE","FALSE","","","SKU-style URL slug","N/A","TRUE"
"https://evidentscientific.com/de/products/n6455600/n6455600","de","TRUE","TRUE","FALSE","","","SKU-style URL slug","N/A","TRUE"
"https://evidentscientific.com/de/products/n6455700/n6455700","de","TRUE","TRUE","FALSE","","","SKU-style URL slug","N/A","TRUE"
"https://evidentscientific.com/de/products/n6455800/n6455800","de","TRUE","TRUE","FALSE","","","SKU-style URL slug","N/A","TRUE"
"https://evidentscientific.com/de/products/o661175/o661175","de","TRUE","TRUE","FALSE","","","SKU-style URL slug","N/A","TRUE"
"https://evidentscientific.com/de/products/pln20xcy/pln20xcy","de","TRUE","TRUE","FALSE","","","SKU-style URL slug","N/A","TRUE"
"https://evidentscientific.com/de/products/pln4xcy/pln4xcy","de","TRUE","TRUE","FALSE","","","SKU-style URL slug","N/A","TRUE"
"https://evidentscientific.com/de/products/we108019/we108019","de","TRUE","TRUE","FALSE","","","SKU-style URL slug","N/A","TRUE"
"https://evidentscientific.com/de/products/we402458/we402458","de","TRUE","TRUE","FALSE","","","SKU-style URL slug","N/A","TRUE"
"https://evidentscientific.com/en/products/1460500/1460500","en","TRUE","TRUE","FALSE","","","SKU-style URL slug","N/A","TRUE"
"https://evidentscientific.com/en/products/562445024/562445024","en","TRUE","TRUE","FALSE","","","SKU-style URL slug","N/A","TRUE"
"https://evidentscientific.com/en/products/562445135/562445135","en","TRUE","TRUE","FALSE","","","SKU-style URL slug","N/A","TRUE"
"https://evidentscientific.com/en/products/8000302/8000302","en","TRUE","TRUE","FALSE","","","SKU-style URL slug","N/A","TRUE"
"https://evidentscientific.com/en/products/a822482/a822482","en","TRUE","TRUE","FALSE","","","SKU-style URL slug","N/A","TRUE"
"https://evidentscientific.com/en/products/aq885201/aq885201","en","TRUE","TRUE","FALSE","","","SKU-style URL slug","N/A","TRUE"
"https://evidentscientific.com/en/products/as208300/as208300","en","TRUE","TRUE","FALSE","","","SKU-style URL slug","N/A","TRUE"
"https://evidentscientific.com/en/products/av776901/av776901","en","TRUE","TRUE","FALSE","","","SKU-style URL slug","N/A","TRUE"
"https://evidentscientific.com/en/products/av832300/av832300","en","TRUE","TRUE","FALSE","","","SKU-style URL slug","N/A","TRUE"
"https://evidentscientific.com/en/products/aw096401/aw096401","en","TRUE","TRUE","FALSE","","","SKU-style URL slug","N/A","TRUE"
"https://evidentscientific.com/en/products/aw700200/aw700200","en","TRUE","TRUE","FALSE","","","SKU-style URL slug","N/A","TRUE"
"https://evidentscientific.com/en/products/aw763200/aw763200","en","TRUE","TRUE","FALSE","","","SKU-style URL slug","N/A","TRUE"
"https://evidentscientific.com/en/products/aw776500/aw776500","en","TRUE","TRUE","FALSE","","","SKU-style URL slug","N/A","TRUE"
"https://evidentscientific.com/en/products/ax0001/ax0001","en","TRUE","TRUE","FALSE","","","SKU-style URL slug","N/A","TRUE"
"https://evidentscientific.com/en/products/ax0003/ax0003","en","TRUE","TRUE","FALSE","","","SKU-style URL slug","N/A","TRUE"
"https://evidentscientific.com/en/products/dk521600/dk521600","en","TRUE","TRUE","FALSE","","","SKU-style URL slug","N/A","TRUE"
"https://evidentscientific.com/en/products/dl405700/dl405700","en","TRUE","TRUE","FALSE","","","SKU-style URL slug","N/A","TRUE"
"https://evidentscientific.com/en/products/do141301/do141301","en","TRUE","TRUE","FALSE","","","SKU-style URL slug","N/A","TRUE"
"https://evidentscientific.com/en/products/e0435882/e0435882","en","TRUE","TRUE","FALSE","","","SKU-style URL slug","N/A","TRUE"
"https://evidentscientific.com/en/products/e9700719/e9700719","en","TRUE","TRUE","FALSE","","","SKU-style URL slug","N/A","TRUE"
"https://evidentscientific.com/en/products/e9701557/e9701557","en","TRUE","TRUE","FALSE","","","SKU-style URL slug","N/A","TRUE"
"https://evidentscientific.com/en/products/e9701714/e9701714","en","TRUE","TRUE","FALSE","","","SKU-style URL slug","N/A","TRUE"
"https://evidentscientific.com/en/products/e9701832/e9701832","en","TRUE","TRUE","FALSE","","","SKU-style URL slug","N/A","TRUE"
"https://evidentscientific.com/en/products/e9701883/e9701883","en","TRUE","TRUE","FALSE","","","SKU-style URL slug","N/A","TRUE"
"https://evidentscientific.com/en/products/ja768201/ja768201","en","TRUE","TRUE","FALSE","","","SKU-style URL slug","N/A","TRUE"
"https://evidentscientific.com/en/products/jb428302/jb428302","en","TRUE","TRUE","FALSE","","","SKU-style URL slug","N/A","TRUE"
"https://evidentscientific.com/en/products/jb901600/jb901600","en","TRUE","TRUE","FALSE","","","SKU-style URL slug","N/A","TRUE"
"https://evidentscientific.com/en/products/jb952600/jb952600","en","TRUE","TRUE","FALSE","","","SKU-style URL slug","N/A","TRUE"
"https://evidentscientific.com/en/products/jd003700/jd003700","en","TRUE","TRUE","FALSE","","","SKU-style URL slug","N/A","TRUE"
"https://evidentscientific.com/en/products/jd022600/jd022600","en","TRUE","TRUE","FALSE","","","SKU-style URL slug","N/A","TRUE"
"https://evidentscientific.com/en/products/jd040800/jd040800","en","TRUE","TRUE","FALSE","","","SKU-style URL slug","N/A","TRUE"
"https://evidentscientific.com/en/products/ju552600/ju552600","en","TRUE","TRUE","FALSE","","","SKU-style URL slug","N/A","TRUE"
"https://evidentscientific.com/en/products/jw119700/jw119700","en","TRUE","TRUE","FALSE","","","SKU-style URL slug","N/A","TRUE"
"https://evidentscientific.com/en/products/jw121600/jw121600","en","TRUE","TRUE","FALSE","","","SKU-style URL slug","N/A","TRUE"
"https://evidentscientific.com/en/products/jw126000/jw126000","en","TRUE","TRUE","FALSE","","","SKU-style URL slug","N/A","TRUE"
"https://evidentscientific.com/en/products/jw135100/jw135100","en","TRUE","TRUE","FALSE","","","SKU-style URL slug","N/A","TRUE"
"https://evidentscientific.com/en/products/jw140800/jw140800","en","TRUE","TRUE","FALSE","","","SKU-style URL slug","N/A","TRUE"
"https://evidentscientific.com/en/products/jw149300/jw149300","en","TRUE","TRUE","FALSE","","","SKU-style URL slug","N/A","TRUE"
"https://evidentscientific.com/en/products/jw499400/jw499400","en","TRUE","TRUE","FALSE","","","SKU-style URL slug","N/A","TRUE"
"https://evidentscientific.com/en/products/jy418900/jy418900","en","TRUE","TRUE","FALSE","","","SKU-style URL slug","N/A","TRUE"
"https://evidentscientific.com/en/products/n1129900/n1129900","en","TRUE","TRUE","FALSE","","","SKU-style URL slug","N/A","TRUE"
"https://evidentscientific.com/en/products/n1130000/n1130000","en","TRUE","TRUE","FALSE","","","SKU-style URL slug","N/A","TRUE"
"https://evidentscientific.com/en/products/n1153000/n1153000","en","TRUE","TRUE","FALSE","","","SKU-style URL slug","N/A","TRUE"
"https://evidentscientific.com/en/products/n1157500/n1157500","en","TRUE","TRUE","FALSE","","","SKU-style URL slug","N/A","TRUE"
"https://evidentscientific.com/en/products/n1198000/n1198000","en","TRUE","TRUE","FALSE","","","SKU-style URL slug","N/A","TRUE"
"https://evidentscientific.com/en/products/n1198100/n1198100","en","TRUE","TRUE","FALSE","","","SKU-style URL slug","N/A","TRUE"
"https://evidentscientific.com/en/products/n1198200/n1198200","en","TRUE","TRUE","FALSE","","","SKU-style URL slug","N/A","TRUE"
"https://evidentscientific.com/en/products/n1198300/n1198300","en","TRUE","TRUE","FALSE","","","SKU-style URL slug","N/A","TRUE"
"https://evidentscientific.com/en/products/n1199900/n1199900","en","TRUE","TRUE","FALSE","","","SKU-style URL slug","N/A","TRUE"
"https://evidentscientific.com/en/products/n1200000/n1200000","en","TRUE","TRUE","FALSE","","","SKU-style URL slug","N/A","TRUE"
"https://evidentscientific.com/en/products/n1200600/n1200600","en","TRUE","TRUE","FALSE","","","SKU-style URL slug","N/A","TRUE"
"https://evidentscientific.com/en/products/n1215800/n1215800","en","TRUE","TRUE","FALSE","","","SKU-style URL slug","N/A","TRUE"
"https://evidentscientific.com/en/products/n1216500/n1216500","en","TRUE","TRUE","FALSE","","","SKU-style URL slug","N/A","TRUE"
"https://evidentscientific.com/en/products/n1220900/n1220900","en","TRUE","TRUE","FALSE","","","SKU-style URL slug","N/A","TRUE"
"https://evidentscientific.com/en/products/n1221000/n1221000","en","TRUE","TRUE","FALSE","","","SKU-style URL slug","N/A","TRUE"
"https://evidentscientific.com/en/products/n1221200/n1221200","en","TRUE","TRUE","FALSE","","","SKU-style URL slug","N/A","TRUE"
"https://evidentscientific.com/en/products/n1468400/n1468400","en","TRUE","TRUE","FALSE","","","SKU-style URL slug","N/A","TRUE"
"https://evidentscientific.com/en/products/n1480000/n1480000","en","TRUE","TRUE","FALSE","","","SKU-style URL slug","N/A","TRUE"
"https://evidentscientific.com/en/products/n1480100/n1480100","en","TRUE","TRUE","FALSE","","","SKU-style URL slug","N/A","TRUE"
"https://evidentscientific.com/en/products/n1480200/n1480200","en","TRUE","TRUE","FALSE","","","SKU-style URL slug","N/A","TRUE"
"https://evidentscientific.com/en/products/n1480300/n1480300","en","TRUE","TRUE","FALSE","","","SKU-style URL slug","N/A","TRUE"
"https://evidentscientific.com/en/products/n1480500/n1480500","en","TRUE","TRUE","FALSE","","","SKU-style URL slug","N/A","TRUE"
"https://evidentscientific.com/en/products/n1480700/n1480700","en","TRUE","TRUE","FALSE","","","SKU-style URL slug","N/A","TRUE"
"https://evidentscientific.com/en/products/n1480800/n1480800","en","TRUE","TRUE","FALSE","","","SKU-style URL slug","N/A","TRUE"
"https://evidentscientific.com/en/products/n1480900/n1480900","en","TRUE","TRUE","FALSE","","","SKU-style URL slug","N/A","TRUE"
"https://evidentscientific.com/en/products/n1489500/n1489500","en","TRUE","TRUE","FALSE","","","SKU-style URL slug","N/A","TRUE"
"https://evidentscientific.com/en/products/n1491600/n1491600","en","TRUE","TRUE","FALSE","","","SKU-style URL slug","N/A","TRUE"
"https://evidentscientific.com/en/products/n1507300/n1507300","en","TRUE","TRUE","FALSE","","","SKU-style URL slug","N/A","TRUE"
"https://evidentscientific.com/en/products/n1507400/n1507400","en","TRUE","TRUE","FALSE","","","SKU-style URL slug","N/A","TRUE"
"https://evidentscientific.com/en/products/n1507600/n1507600","en","TRUE","TRUE","FALSE","","","SKU-style URL slug","N/A","TRUE"
"https://evidentscientific.com/en/products/n1507800/n1507800","en","TRUE","TRUE","FALSE","","","SKU-style URL slug","N/A","TRUE"
"https://evidentscientific.com/en/products/n1507900/n1507900","en","TRUE","TRUE","FALSE","","","SKU-style URL slug","N/A","TRUE"
"https://evidentscientific.com/en/products/n1510600/n1510600","en","TRUE","TRUE","FALSE","","","SKU-style URL slug","N/A","TRUE"
"https://evidentscientific.com/en/products/n1510900/n1510900","en","TRUE","TRUE","FALSE","","","SKU-style URL slug","N/A","TRUE"
"https://evidentscientific.com/en/products/n1511000/n1511000","en","TRUE","TRUE","FALSE","","","SKU-style URL slug","N/A","TRUE"
"https://evidentscientific.com/en/products/n1511200/n1511200","en","TRUE","TRUE","FALSE","","","SKU-style URL slug","N/A","TRUE"
"https://evidentscientific.com/en/products/n1511300/n1511300","en","TRUE","TRUE","FALSE","","","SKU-style URL slug","N/A","TRUE"
"https://evidentscientific.com/en/products/n1561400/n1561400","en","TRUE","TRUE","FALSE","","","SKU-style URL slug","N/A","TRUE"
"https://evidentscientific.com/en/products/n1977500/n1977500","en","TRUE","TRUE","FALSE","","","SKU-style URL slug","N/A","TRUE"
"https://evidentscientific.com/en/products/n1977800/n1977800","en","TRUE","TRUE","FALSE","","","SKU-style URL slug","N/A","TRUE"
"https://evidentscientific.com/en/products/n1977900/n1977900","en","TRUE","TRUE","FALSE","","","SKU-style URL slug","N/A","TRUE"
"https://evidentscientific.com/en/products/n1978100/n1978100","en","TRUE","TRUE","FALSE","","","SKU-style URL slug","N/A","TRUE"
"https://evidentscientific.com/en/products/n1978300/n1978300","en","TRUE","TRUE","FALSE","","","SKU-style URL slug","N/A","TRUE"
"https://evidentscientific.com/en/products/n1978400/n1978400","en","TRUE","TRUE","FALSE","","","SKU-style URL slug","N/A","TRUE"
"https://evidentscientific.com/en/products/n1979600/n1979600","en","TRUE","TRUE","FALSE","","","SKU-style URL slug","N/A","TRUE"
"https://evidentscientific.com/en/products/n2165400/n2165400","en","TRUE","TRUE","FALSE","","","SKU-style URL slug","N/A","TRUE"
"https://evidentscientific.com/en/products/n2165600/n2165600","en","TRUE","TRUE","FALSE","","","SKU-style URL slug","N/A","TRUE"
"https://evidentscientific.com/en/products/n2178900/n2178900","en","TRUE","TRUE","FALSE","","","SKU-style URL slug","N/A","TRUE"
"https://evidentscientific.com/en/products/n2181000/n2181000","en","TRUE","TRUE","FALSE","","","SKU-style URL slug","N/A","TRUE"
"https://evidentscientific.com/en/products/n2181100/n2181100","en","TRUE","TRUE","FALSE","","","SKU-style URL slug","N/A","TRUE"
"https://evidentscientific.com/en/products/n2181200/n2181200","en","TRUE","TRUE","FALSE","","","SKU-style URL slug","N/A","TRUE"
"https://evidentscientific.com/en/products/n2181300/n2181300","en","TRUE","TRUE","FALSE","","","SKU-style URL slug","N/A","TRUE"
"https://evidentscientific.com/en/products/n2181400/n2181400","en","TRUE","TRUE","FALSE","","","SKU-style URL slug","N/A","TRUE"
"https://evidentscientific.com/en/products/n2181800/n2181800","en","TRUE","TRUE","FALSE","","","SKU-style URL slug","N/A","TRUE"
"https://evidentscientific.com/en/products/n2181900/n2181900","en","TRUE","TRUE","FALSE","","","SKU-style URL slug","N/A","TRUE"
"https://evidentscientific.com/en/products/n2182300/n2182300","en","TRUE","TRUE","FALSE","","","SKU-style URL slug","N/A","TRUE"
"https://evidentscientific.com/en/products/n2182400/n2182400","en","TRUE","TRUE","FALSE","","","SKU-style URL slug","N/A","TRUE"
"https://evidentscientific.com/en/products/n2182500/n2182500","en","TRUE","TRUE","FALSE","","","SKU-style URL slug","N/A","TRUE"
"https://evidentscientific.com/en/products/n2182900/n2182900","en","TRUE","TRUE","FALSE","","","SKU-style URL slug","N/A","TRUE"
"https://evidentscientific.com/en/products/n2183000/n2183000","en","TRUE","TRUE","FALSE","","","SKU-style URL slug","N/A","TRUE"
"https://evidentscientific.com/en/products/n2183100/n2183100","en","TRUE","TRUE","FALSE","","","SKU-style URL slug","N/A","TRUE"
"https://evidentscientific.com/en/products/n2183200/n2183200","en","TRUE","TRUE","FALSE","","","SKU-style URL slug","N/A","TRUE"
"https://evidentscientific.com/en/products/n2183300/n2183300","en","TRUE","TRUE","FALSE","","","SKU-style URL slug","N/A","TRUE"
"https://evidentscientific.com/en/products/n2183400/n2183400","en","TRUE","TRUE","FALSE","","","SKU-style URL slug","N/A","TRUE"
"https://evidentscientific.com/en/products/n2183500/n2183500","en","TRUE","TRUE","FALSE","","","SKU-style URL slug","N/A","TRUE"
"https://evidentscientific.com/en/products/n2183600/n2183600","en","TRUE","TRUE","FALSE","","","SKU-style URL slug","N/A","TRUE"
"https://evidentscientific.com/en/products/n2183700/n2183700","en","TRUE","TRUE","FALSE","","","SKU-style URL slug","N/A","TRUE"
"https://evidentscientific.com/en/products/n2183800/n2183800","en","TRUE","TRUE","FALSE","","","SKU-style URL slug","N/A","TRUE"
"https://evidentscientific.com/en/products/n2183900/n2183900","en","TRUE","TRUE","FALSE","","","SKU-style URL slug","N/A","TRUE"
"https://evidentscientific.com/en/products/n2184000/n2184000","en","TRUE","TRUE","FALSE","","","SKU-style URL slug","N/A","TRUE"
"https://evidentscientific.com/en/products/n2190100/n2190100","en","TRUE","TRUE","FALSE","","","SKU-style URL slug","N/A","TRUE"
"https://evidentscientific.com/en/products/n2190200/n2190200","en","TRUE","TRUE","FALSE","","","SKU-style URL slug","N/A","TRUE"
"https://evidentscientific.com/en/products/n2190400/n2190400","en","TRUE","TRUE","FALSE","","","SKU-style URL slug","N/A","TRUE"
"https://evidentscientific.com/en/products/n2190900/n2190900","en","TRUE","TRUE","FALSE","","","SKU-style URL slug","N/A","TRUE"
"https://evidentscientific.com/en/products/n2191000/n2191000","en","TRUE","TRUE","FALSE","","","SKU-style URL slug","N/A","TRUE"
"https://evidentscientific.com/en/products/n2192400/n2192400","en","TRUE","TRUE","FALSE","","","SKU-style URL slug","N/A","TRUE"
"https://evidentscientific.com/en/products/n2194100/n2194100","en","TRUE","TRUE","FALSE","","","SKU-style URL slug","N/A","TRUE"
"https://evidentscientific.com/en/products/n2205200/n2205200","en","TRUE","TRUE","FALSE","","","SKU-style URL slug","N/A","TRUE"
"https://evidentscientific.com/en/products/n2215900/n2215900","en","TRUE","TRUE","FALSE","","","SKU-style URL slug","N/A","TRUE"
"https://evidentscientific.com/en/products/n2216000/n2216000","en","TRUE","TRUE","FALSE","","","SKU-style URL slug","N/A","TRUE"
"https://evidentscientific.com/en/products/n2216100/n2216100","en","TRUE","TRUE","FALSE","","","SKU-style URL slug","N/A","TRUE"
"https://evidentscientific.com/en/products/n2216300/n2216300","en","TRUE","TRUE","FALSE","","","SKU-style URL slug","N/A","TRUE"
"https://evidentscientific.com/en/products/n2246400/n2246400","en","TRUE","TRUE","FALSE","","","SKU-style URL slug","N/A","TRUE"
"https://evidentscientific.com/en/products/n2246500/n2246500","en","TRUE","TRUE","FALSE","","","SKU-style URL slug","N/A","TRUE"
"https://evidentscientific.com/en/products/n2246600/n2246600","en","TRUE","TRUE","FALSE","","","SKU-style URL slug","N/A","TRUE"
"https://evidentscientific.com/en/products/n2246700/n2246700","en","TRUE","TRUE","FALSE","","","SKU-style URL slug","N/A","TRUE"
"https://evidentscientific.com/en/products/n2249100/n2249100","en","TRUE","TRUE","FALSE","","","SKU-style URL slug","N/A","TRUE"
"https://evidentscientific.com/en/products/n2667500/n2667500","en","TRUE","TRUE","FALSE","","","SKU-style URL slug","N/A","TRUE"
"https://evidentscientific.com/en/products/n2667600/n2667600","en","TRUE","TRUE","FALSE","","","SKU-style URL slug","N/A","TRUE"
"https://evidentscientific.com/en/products/n2667700/n2667700","en","TRUE","TRUE","FALSE","","","SKU-style URL slug","N/A","TRUE"
"https://evidentscientific.com/en/products/n2667800/n2667800","en","TRUE","TRUE","FALSE","","","SKU-style URL slug","N/A","TRUE"
"https://evidentscientific.com/en/products/n2667900/n2667900","en","TRUE","TRUE","FALSE","","","SKU-style URL slug","N/A","TRUE"
"https://evidentscientific.com/en/products/n2678200/n2678200","en","TRUE","TRUE","FALSE","","","SKU-style URL slug","N/A","TRUE"
"https://evidentscientific.com/en/products/n2678300/n2678300","en","TRUE","TRUE","FALSE","","","SKU-style URL slug","N/A","TRUE"
"https://evidentscientific.com/en/products/n2678400/n2678400","en","TRUE","TRUE","FALSE","","","SKU-style URL slug","N/A","TRUE"
"https://evidentscientific.com/en/products/n2699300/n2699300","en","TRUE","TRUE","FALSE","","","SKU-style URL slug","N/A","TRUE"
"https://evidentscientific.com/en/products/n2699400/n2699400","en","TRUE","TRUE","FALSE","","","SKU-style URL slug","N/A","TRUE"
"https://evidentscientific.com/en/products/n2699600/n2699600","en","TRUE","TRUE","FALSE","","","SKU-style URL slug","N/A","TRUE"
"https://evidentscientific.com/en/products/n2709100/n2709100","en","TRUE","TRUE","FALSE","","","SKU-style URL slug","N/A","TRUE"
"https://evidentscientific.com/en/products/n2709300/n2709300","en","TRUE","TRUE","FALSE","","","SKU-style URL slug","N/A","TRUE"
"https://evidentscientific.com/en/products/n2709400/n2709400","en","TRUE","TRUE","FALSE","","","SKU-style URL slug","N/A","TRUE"
"https://evidentscientific.com/en/products/n2709500/n2709500","en","TRUE","TRUE","FALSE","","","SKU-style URL slug","N/A","TRUE"
"https://evidentscientific.com/en/products/n2709600/n2709600","en","TRUE","TRUE","FALSE","","","SKU-style URL slug","N/A","TRUE"
"https://evidentscientific.com/en/products/n2711800/n2711800","en","TRUE","TRUE","FALSE","","","SKU-style URL slug","N/A","TRUE"
"https://evidentscientific.com/en/products/n2711900/n2711900","en","TRUE","TRUE","FALSE","","","SKU-style URL slug","N/A","TRUE"
"https://evidentscientific.com/en/products/n2712000/n2712000","en","TRUE","TRUE","FALSE","","","SKU-style URL slug","N/A","TRUE"
"https://evidentscientific.com/en/products/n2712100/n2712100","en","TRUE","TRUE","FALSE","","","SKU-style URL slug","N/A","TRUE"
"https://evidentscientific.com/en/products/n2712300/n2712300","en","TRUE","TRUE","FALSE","","","SKU-style URL slug","N/A","TRUE"
"https://evidentscientific.com/en/products/n2712500/n2712500","en","TRUE","TRUE","FALSE","","","SKU-style URL slug","N/A","TRUE"
"https://evidentscientific.com/en/products/n2712600/n2712600","en","TRUE","TRUE","FALSE","","","SKU-style URL slug","N/A","TRUE"
"https://evidentscientific.com/en/products/n2712700/n2712700","en","TRUE","TRUE","FALSE","","","SKU-style URL slug","N/A","TRUE"
"https://evidentscientific.com/en/products/n2712800/n2712800","en","TRUE","TRUE","FALSE","","","SKU-style URL slug","N/A","TRUE"
"https://evidentscientific.com/en/products/n2712900/n2712900","en","TRUE","TRUE","FALSE","","","SKU-style URL slug","N/A","TRUE"
"https://evidentscientific.com/en/products/n2713000/n2713000","en","TRUE","TRUE","FALSE","","","SKU-style URL slug","N/A","TRUE"
"https://evidentscientific.com/en/products/n2713100/n2713100","en","TRUE","TRUE","FALSE","","","SKU-style URL slug","N/A","TRUE"
"https://evidentscientific.com/en/products/n2713200/n2713200","en","TRUE","TRUE","FALSE","","","SKU-style URL slug","N/A","TRUE"
"https://evidentscientific.com/en/products/n2713300/n2713300","en","TRUE","TRUE","FALSE","","","SKU-style URL slug","N/A","TRUE"
"https://evidentscientific.com/en/products/n2713400/n2713400","en","TRUE","TRUE","FALSE","","","SKU-style URL slug","N/A","TRUE"
"https://evidentscientific.com/en/products/n2713500/n2713500","en","TRUE","TRUE","FALSE","","","SKU-style URL slug","N/A","TRUE"
"https://evidentscientific.com/en/products/n2713600/n2713600","en","TRUE","TRUE","FALSE","","","SKU-style URL slug","N/A","TRUE"
"https://evidentscientific.com/en/products/n2713700/n2713700","en","TRUE","TRUE","FALSE","","","SKU-style URL slug","N/A","TRUE"
"https://evidentscientific.com/en/products/n2713800/n2713800","en","TRUE","TRUE","FALSE","","","SKU-style URL slug","N/A","TRUE"
"https://evidentscientific.com/en/products/n2738000/n2738000","en","TRUE","TRUE","FALSE","","","SKU-style URL slug","N/A","TRUE"
"https://evidentscientific.com/en/products/n2738700/n2738700","en","TRUE","TRUE","FALSE","","","SKU-style URL slug","N/A","TRUE"
"https://evidentscientific.com/en/products/n2738800/n2738800","en","TRUE","TRUE","FALSE","","","SKU-style URL slug","N/A","TRUE"
"https://evidentscientific.com/en/products/n2738900/n2738900","en","TRUE","TRUE","FALSE","","","SKU-style URL slug","N/A","TRUE"
"https://evidentscientific.com/en/products/n2739000/n2739000","en","TRUE","TRUE","FALSE","","","SKU-style URL slug","N/A","TRUE"
"https://evidentscientific.com/en/products/n2739100/n2739100","en","TRUE","TRUE","FALSE","","","SKU-style URL slug","N/A","TRUE"
"https://evidentscientific.com/en/products/n2750100/n2750100","en","TRUE","TRUE","FALSE","","","SKU-style URL slug","N/A","TRUE"
"https://evidentscientific.com/en/products/n2750300/n2750300","en","TRUE","TRUE","FALSE","","","SKU-style URL slug","N/A","TRUE"
"https://evidentscientific.com/en/products/n2756500/n2756500","en","TRUE","TRUE","FALSE","","","SKU-style URL slug","N/A","TRUE"
"https://evidentscientific.com/en/products/n2756600/n2756600","en","TRUE","TRUE","FALSE","","","SKU-style URL slug","N/A","TRUE"
"https://evidentscientific.com/en/products/n2757000/n2757000","en","TRUE","TRUE","FALSE","","","SKU-style URL slug","N/A","TRUE"
"https://evidentscientific.com/en/products/n2757400/n2757400","en","TRUE","TRUE","FALSE","","","SKU-style URL slug","N/A","TRUE"
"https://evidentscientific.com/en/products/n4212100/n4212100","en","TRUE","TRUE","FALSE","","","SKU-style URL slug","N/A","TRUE"
"https://evidentscientific.com/en/products/n4227000/n4227000","en","TRUE","TRUE","FALSE","","","SKU-style URL slug","N/A","TRUE"
"https://evidentscientific.com/en/products/n4235000/n4235000","en","TRUE","TRUE","FALSE","","","SKU-style URL slug","N/A","TRUE"
"https://evidentscientific.com/en/products/n4245300/n4245300","en","TRUE","TRUE","FALSE","","","SKU-style URL slug","N/A","TRUE"
"https://evidentscientific.com/en/products/n4245600/n4245600","en","TRUE","TRUE","FALSE","","","SKU-style URL slug","N/A","TRUE"
"https://evidentscientific.com/en/products/n4246000/n4246000","en","TRUE","TRUE","FALSE","","","SKU-style URL slug","N/A","TRUE"
"https://evidentscientific.com/en/products/n4246100/n4246100","en","TRUE","TRUE","FALSE","","","SKU-style URL slug","N/A","TRUE"
"https://evidentscientific.com/en/products/n4247500/n4247500","en","TRUE","TRUE","FALSE","","","SKU-style URL slug","N/A","TRUE"
"https://evidentscientific.com/en/products/n4247600/n4247600","en","TRUE","TRUE","FALSE","","","SKU-style URL slug","N/A","TRUE"
"https://evidentscientific.com/en/products/n4247700/n4247700","en","TRUE","TRUE","FALSE","","","SKU-style URL slug","N/A","TRUE"
"https://evidentscientific.com/en/products/n4248100/n4248100","en","TRUE","TRUE","FALSE","","","SKU-style URL slug","N/A","TRUE"
"https://evidentscientific.com/en/products/n4248400/n4248400","en","TRUE","TRUE","FALSE","","","SKU-style URL slug","N/A","TRUE"
"https://evidentscientific.com/en/products/n4257800/n4257800","en","TRUE","TRUE","FALSE","","","SKU-style URL slug","N/A","TRUE"
"https://evidentscientific.com/en/products/n4262300/n4262300","en","TRUE","TRUE","FALSE","","","SKU-style URL slug","N/A","TRUE"
"https://evidentscientific.com/en/products/n4273900/n4273900","en","TRUE","TRUE","FALSE","","","SKU-style URL slug","N/A","TRUE"
"https://evidentscientific.com/en/products/n4274000/n4274000","en","TRUE","TRUE","FALSE","","","SKU-style URL slug","N/A","TRUE"
"https://evidentscientific.com/en/products/n4274100/n4274100","en","TRUE","TRUE","FALSE","","","SKU-style URL slug","N/A","TRUE"
"https://evidentscientific.com/en/products/n5145300/n5145300","en","TRUE","TRUE","FALSE","","","SKU-style URL slug","N/A","TRUE"
"https://evidentscientific.com/en/products/n5165000/n5165000","en","TRUE","TRUE","FALSE","","","SKU-style URL slug","N/A","TRUE"
"https://evidentscientific.com/en/products/n5165100/n5165100","en","TRUE","TRUE","FALSE","","","SKU-style URL slug","N/A","TRUE"
"https://evidentscientific.com/en/products/n5165200/n5165200","en","TRUE","TRUE","FALSE","","","SKU-style URL slug","N/A","TRUE"
"https://evidentscientific.com/en/products/n5186100/n5186100","en","TRUE","TRUE","FALSE","","","SKU-style URL slug","N/A","TRUE"
"https://evidentscientific.com/en/products/n5186200/n5186200","en","TRUE","TRUE","FALSE","","","SKU-style URL slug","N/A","TRUE"
"https://evidentscientific.com/en/products/n5186300/n5186300","en","TRUE","TRUE","FALSE","","","SKU-style URL slug","N/A","TRUE"
"https://evidentscientific.com/en/products/n5186400/n5186400","en","TRUE","TRUE","FALSE","","","SKU-style URL slug","N/A","TRUE"
"https://evidentscientific.com/en/products/n5186500/n5186500","en","TRUE","TRUE","FALSE","","","SKU-style URL slug","N/A","TRUE"
"https://evidentscientific.com/en/products/n5202500/n5202500","en","TRUE","TRUE","FALSE","","","SKU-style URL slug","N/A","TRUE"
"https://evidentscientific.com/en/products/n5202600/n5202600","en","TRUE","TRUE","FALSE","","","SKU-style URL slug","N/A","TRUE"
"https://evidentscientific.com/en/products/n5202900/n5202900","en","TRUE","TRUE","FALSE","","","SKU-style URL slug","N/A","TRUE"
"https://evidentscientific.com/en/products/n5203000/n5203000","en","TRUE","TRUE","FALSE","","","SKU-style URL slug","N/A","TRUE"
"https://evidentscientific.com/en/products/n5203100/n5203100","en","TRUE","TRUE","FALSE","","","SKU-style URL slug","N/A","TRUE"
"https://evidentscientific.com/en/products/n5228400/n5228400","en","TRUE","TRUE","FALSE","","","SKU-style URL slug","N/A","TRUE"
"https://evidentscientific.com/en/products/n5228500/n5228500","en","TRUE","TRUE","FALSE","","","SKU-style URL slug","N/A","TRUE"
"https://evidentscientific.com/en/products/n5228800/n5228800","en","TRUE","TRUE","FALSE","","","SKU-style URL slug","N/A","TRUE"
"https://evidentscientific.com/en/products/n5228900/n5228900","en","TRUE","TRUE","FALSE","","","SKU-style URL slug","N/A","TRUE"
"https://evidentscientific.com/en/products/n5229200/n5229200","en","TRUE","TRUE","FALSE","","","SKU-style URL slug","N/A","TRUE"
"https://evidentscientific.com/en/products/n5232100/n5232100","en","TRUE","TRUE","FALSE","","","SKU-style URL slug","N/A","TRUE"
"https://evidentscientific.com/en/products/n5667800/n5667800","en","TRUE","TRUE","FALSE","","","SKU-style URL slug","N/A","TRUE"
"https://evidentscientific.com/en/products/n5669300/n5669300","en","TRUE","TRUE","FALSE","","","SKU-style URL slug","N/A","TRUE"
"https://evidentscientific.com/en/products/n5687100/n5687100","en","TRUE","TRUE","FALSE","","","SKU-style URL slug","N/A","TRUE"
"https://evidentscientific.com/en/products/n5687200/n5687200","en","TRUE","TRUE","FALSE","","","SKU-style URL slug","N/A","TRUE"
"https://evidentscientific.com/en/products/n5701600/n5701600","en","TRUE","TRUE","FALSE","","","SKU-style URL slug","N/A","TRUE"
"https://evidentscientific.com/en/products/n5701700/n5701700","en","TRUE","TRUE","FALSE","","","SKU-style URL slug","N/A","TRUE"
"https://evidentscientific.com/en/products/n5702700/n5702700","en","TRUE","TRUE","FALSE","","","SKU-style URL slug","N/A","TRUE"
"https://evidentscientific.com/en/products/n5703200/n5703200","en","TRUE","TRUE","FALSE","","","SKU-style URL slug","N/A","TRUE"
"https://evidentscientific.com/en/products/n5703300/n5703300","en","TRUE","TRUE","FALSE","","","SKU-style URL slug","N/A","TRUE"
"https://evidentscientific.com/en/products/n5703400/n5703400","en","TRUE","TRUE","FALSE","","","SKU-style URL slug","N/A","TRUE"
"https://evidentscientific.com/en/products/n5703500/n5703500","en","TRUE","TRUE","FALSE","","","SKU-style URL slug","N/A","TRUE"
"https://evidentscientific.com/en/products/n5703600/n5703600","en","TRUE","TRUE","FALSE","","","SKU-style URL slug","N/A","TRUE"
"https://evidentscientific.com/en/products/n5703700/n5703700","en","TRUE","TRUE","FALSE","","","SKU-style URL slug","N/A","TRUE"
"https://evidentscientific.com/en/products/n5703800/n5703800","en","TRUE","TRUE","FALSE","","","SKU-style URL slug","N/A","TRUE"
"https://evidentscientific.com/en/products/n5703900/n5703900","en","TRUE","TRUE","FALSE","","","SKU-style URL slug","N/A","TRUE"
"https://evidentscientific.com/en/products/n5704000/n5704000","en","TRUE","TRUE","FALSE","","","SKU-style URL slug","N/A","TRUE"
"https://evidentscientific.com/en/products/n5704700/n5704700","en","TRUE","TRUE","FALSE","","","SKU-style URL slug","N/A","TRUE"
"https://evidentscientific.com/en/products/n5743700/n5743700","en","TRUE","TRUE","FALSE","","","SKU-style URL slug","N/A","TRUE"
"https://evidentscientific.com/en/products/n5743800/n5743800","en","TRUE","TRUE","FALSE","","","SKU-style URL slug","N/A","TRUE"
"https://evidentscientific.com/en/products/n5743900/n5743900","en","TRUE","TRUE","FALSE","","","SKU-style URL slug","N/A","TRUE"
"https://evidentscientific.com/en/products/n5744000/n5744000","en","TRUE","TRUE","FALSE","","","SKU-style URL slug","N/A","TRUE"
"https://evidentscientific.com/en/products/n5744100/n5744100","en","TRUE","TRUE","FALSE","","","SKU-style URL slug","N/A","TRUE"
"https://evidentscientific.com/en/products/n5744200/n5744200","en","TRUE","TRUE","FALSE","","","SKU-style URL slug","N/A","TRUE"
"https://evidentscientific.com/en/products/n5744300/n5744300","en","TRUE","TRUE","FALSE","","","SKU-style URL slug","N/A","TRUE"
"https://evidentscientific.com/en/products/n5744400/n5744400","en","TRUE","TRUE","FALSE","","","SKU-style URL slug","N/A","TRUE"
"https://evidentscientific.com/en/products/n5744500/n5744500","en","TRUE","TRUE","FALSE","","","SKU-style URL slug","N/A","TRUE"
"https://evidentscientific.com/en/products/n5744600/n5744600","en","TRUE","TRUE","FALSE","","","SKU-style URL slug","N/A","TRUE"
"https://evidentscientific.com/en/products/n6389000/n6389000","en","TRUE","TRUE","FALSE","","","SKU-style URL slug","N/A","TRUE"
"https://evidentscientific.com/en/products/n6389100/n6389100","en","TRUE","TRUE","FALSE","","","SKU-style URL slug","N/A","TRUE"
"https://evidentscientific.com/en/products/n6389200/n6389200","en","TRUE","TRUE","FALSE","","","SKU-style URL slug","N/A","TRUE"
"https://evidentscientific.com/en/products/n6389300/n6389300","en","TRUE","TRUE","FALSE","","","SKU-style URL slug","N/A","TRUE"
"https://evidentscientific.com/en/products/n6389400/n6389400","en","TRUE","TRUE","FALSE","","","SKU-style URL slug","N/A","TRUE"
"https://evidentscientific.com/en/products/n6389500/n6389500","en","TRUE","TRUE","FALSE","","","SKU-style URL slug","N/A","TRUE"
"https://evidentscientific.com/en/products/n6389600/n6389600","en","TRUE","TRUE","FALSE","","","SKU-style URL slug","N/A","TRUE"
"https://evidentscientific.com/en/products/n6389700/n6389700","en","TRUE","TRUE","FALSE","","","SKU-style URL slug","N/A","TRUE"
"https://evidentscientific.com/en/products/n6432600/n6432600","en","TRUE","TRUE","FALSE","","","SKU-style URL slug","N/A","TRUE"
"https://evidentscientific.com/en/products/n6432700/n6432700","en","TRUE","TRUE","FALSE","","","SKU-style URL slug","N/A","TRUE"
"https://evidentscientific.com/en/products/n6432900/n6432900","en","TRUE","TRUE","FALSE","","","SKU-style URL slug","N/A","TRUE"
"https://evidentscientific.com/en/products/n6433000/n6433000","en","TRUE","TRUE","FALSE","","","SKU-style URL slug","N/A","TRUE"
"https://evidentscientific.com/en/products/n6433100/n6433100","en","TRUE","TRUE","FALSE","","","SKU-style URL slug","N/A","TRUE"
"https://evidentscientific.com/en/products/n6433200/n6433200","en","TRUE","TRUE","FALSE","","","SKU-style URL slug","N/A","TRUE"
"https://evidentscientific.com/en/products/n6433300/n6433300","en","TRUE","TRUE","FALSE","","","SKU-style URL slug","N/A","TRUE"
"https://evidentscientific.com/en/products/n6433400/n6433400","en","TRUE","TRUE","FALSE","","","SKU-style URL slug","N/A","TRUE"
"https://evidentscientific.com/en/products/n6433500/n6433500","en","TRUE","TRUE","FALSE","","","SKU-style URL slug","N/A","TRUE"
"https://evidentscientific.com/en/products/n6433600/n6433600","en","TRUE","TRUE","FALSE","","","SKU-style URL slug","N/A","TRUE"
"https://evidentscientific.com/en/products/n6433700/n6433700","en","TRUE","TRUE","FALSE","","","SKU-style URL slug","N/A","TRUE"
"https://evidentscientific.com/en/products/n6433800/n6433800","en","TRUE","TRUE","FALSE","","","SKU-style URL slug","N/A","TRUE"
"https://evidentscientific.com/en/products/n6444400/n6444400","en","TRUE","TRUE","FALSE","","","SKU-style URL slug","N/A","TRUE"
"https://evidentscientific.com/en/products/n6444500/n6444500","en","TRUE","TRUE","FALSE","","","SKU-style URL slug","N/A","TRUE"
"https://evidentscientific.com/en/products/n6444600/n6444600","en","TRUE","TRUE","FALSE","","","SKU-style URL slug","N/A","TRUE"
"https://evidentscientific.com/en/products/n6444700/n6444700","en","TRUE","TRUE","FALSE","","","SKU-style URL slug","N/A","TRUE"
"https://evidentscientific.com/en/products/n6444800/n6444800","en","TRUE","TRUE","FALSE","","","SKU-style URL slug","N/A","TRUE"
"https://evidentscientific.com/en/products/n6444900/n6444900","en","TRUE","TRUE","FALSE","","","SKU-style URL slug","N/A","TRUE"
"https://evidentscientific.com/en/products/n6445000/n6445000","en","TRUE","TRUE","FALSE","","","SKU-style URL slug","N/A","TRUE"
"https://evidentscientific.com/en/products/n6445100/n6445100","en","TRUE","TRUE","FALSE","","","SKU-style URL slug","N/A","TRUE"
"https://evidentscientific.com/en/products/n6445200/n6445200","en","TRUE","TRUE","FALSE","","","SKU-style URL slug","N/A","TRUE"
"https://evidentscientific.com/en/products/n6445300/n6445300","en","TRUE","TRUE","FALSE","","","SKU-style URL slug","N/A","TRUE"
"https://evidentscientific.com/en/products/n6445400/n6445400","en","TRUE","TRUE","FALSE","","","SKU-style URL slug","N/A","TRUE"
"https://evidentscientific.com/en/products/n6445500/n6445500","en","TRUE","TRUE","FALSE","","","SKU-style URL slug","N/A","TRUE"
"https://evidentscientific.com/en/products/n6445600/n6445600","en","TRUE","TRUE","FALSE","","","SKU-style URL slug","N/A","TRUE"
"https://evidentscientific.com/en/products/n6454300/n6454300","en","TRUE","TRUE","FALSE","","","SKU-style URL slug","N/A","TRUE"
"https://evidentscientific.com/en/products/n6454400/n6454400","en","TRUE","TRUE","FALSE","","","SKU-style URL slug","N/A","TRUE"
"https://evidentscientific.com/en/products/n6455600/n6455600","en","TRUE","TRUE","FALSE","","","SKU-style URL slug","N/A","TRUE"
"https://evidentscientific.com/en/products/n6455700/n6455700","en","TRUE","TRUE","FALSE","","","SKU-style URL slug","N/A","TRUE"
"https://evidentscientific.com/en/products/n6455800/n6455800","en","TRUE","TRUE","FALSE","","","SKU-style URL slug","N/A","TRUE"
"https://evidentscientific.com/en/products/o661175/o661175","en","TRUE","TRUE","FALSE","","","SKU-style URL slug","N/A","TRUE"
"https://evidentscientific.com/en/products/pln20xcy/pln20xcy","en","TRUE","TRUE","FALSE","","","SKU-style URL slug","N/A","TRUE"
"https://evidentscientific.com/en/products/pln4xcy/pln4xcy","en","TRUE","TRUE","FALSE","","","SKU-style URL slug","N/A","TRUE"
"https://evidentscientific.com/en/products/we108019/we108019","en","TRUE","TRUE","FALSE","","","SKU-style URL slug","N/A","TRUE"
"https://evidentscientific.com/en/products/we402458/we402458","en","TRUE","TRUE","FALSE","","","SKU-style URL slug","N/A","TRUE"
"https://evidentscientific.com/es/products/1460500/1460500","es","TRUE","TRUE","FALSE","","","SKU-style URL slug","N/A","TRUE"
"https://evidentscientific.com/es/products/562445024/562445024","es","TRUE","TRUE","FALSE","","","SKU-style URL slug","N/A","TRUE"
"https://evidentscientific.com/es/products/562445135/562445135","es","TRUE","TRUE","FALSE","","","SKU-style URL slug","N/A","TRUE"
"https://evidentscientific.com/es/products/8000302/8000302","es","TRUE","TRUE","FALSE","","","SKU-style URL slug","N/A","TRUE"
"https://evidentscientific.com/es/products/a822482/a822482","es","TRUE","TRUE","FALSE","","","SKU-style URL slug","N/A","TRUE"
"https://evidentscientific.com/es/products/aq885201/aq885201","es","TRUE","TRUE","FALSE","","","SKU-style URL slug","N/A","TRUE"
"https://evidentscientific.com/es/products/as208300/as208300","es","TRUE","TRUE","FALSE","","","SKU-style URL slug","N/A","TRUE"
"https://evidentscientific.com/es/products/av776901/av776901","es","TRUE","TRUE","FALSE","","","SKU-style URL slug","N/A","TRUE"
"https://evidentscientific.com/es/products/av832300/av832300","es","TRUE","TRUE","FALSE","","","SKU-style URL slug","N/A","TRUE"
"https://evidentscientific.com/es/products/aw096401/aw096401","es","TRUE","TRUE","FALSE","","","SKU-style URL slug","N/A","TRUE"
"https://evidentscientific.com/es/products/aw700200/aw700200","es","TRUE","TRUE","FALSE","","","SKU-style URL slug","N/A","TRUE"
"https://evidentscientific.com/es/products/aw763200/aw763200","es","TRUE","TRUE","FALSE","","","SKU-style URL slug","N/A","TRUE"
"https://evidentscientific.com/es/products/aw776500/aw776500","es","TRUE","TRUE","FALSE","","","SKU-style URL slug","N/A","TRUE"
"https://evidentscientific.com/es/products/ax0001/ax0001","es","TRUE","TRUE","FALSE","","","SKU-style URL slug","N/A","TRUE"
"https://evidentscientific.com/es/products/ax0003/ax0003","es","TRUE","TRUE","FALSE","","","SKU-style URL slug","N/A","TRUE"
"https://evidentscientific.com/es/products/dk521600/dk521600","es","TRUE","TRUE","FALSE","","","SKU-style URL slug","N/A","TRUE"
"https://evidentscientific.com/es/products/dl405700/dl405700","es","TRUE","TRUE","FALSE","","","SKU-style URL slug","N/A","TRUE"
"https://evidentscientific.com/es/products/do141301/do141301","es","TRUE","TRUE","FALSE","","","SKU-style URL slug","N/A","TRUE"
"https://evidentscientific.com/es/products/e0435882/e0435882","es","TRUE","TRUE","FALSE","","","SKU-style URL slug","N/A","TRUE"
"https://evidentscientific.com/es/products/e9700719/e9700719","es","TRUE","TRUE","FALSE","","","SKU-style URL slug","N/A","TRUE"
"https://evidentscientific.com/es/products/e9701557/e9701557","es","TRUE","TRUE","FALSE","","","SKU-style URL slug","N/A","TRUE"
"https://evidentscientific.com/es/products/e9701714/e9701714","es","TRUE","TRUE","FALSE","","","SKU-style URL slug","N/A","TRUE"
"https://evidentscientific.com/es/products/e9701832/e9701832","es","TRUE","TRUE","FALSE","","","SKU-style URL slug","N/A","TRUE"
"https://evidentscientific.com/es/products/e9701883/e9701883","es","TRUE","TRUE","FALSE","","","SKU-style URL slug","N/A","TRUE"
"https://evidentscientific.com/es/products/ja768201/ja768201","es","TRUE","TRUE","FALSE","","","SKU-style URL slug","N/A","TRUE"
"https://evidentscientific.com/es/products/jb428302/jb428302","es","TRUE","TRUE","FALSE","","","SKU-style URL slug","N/A","TRUE"
"https://evidentscientific.com/es/products/jb901600/jb901600","es","TRUE","TRUE","FALSE","","","SKU-style URL slug","N/A","TRUE"
"https://evidentscientific.com/es/products/jb952600/jb952600","es","TRUE","TRUE","FALSE","","","SKU-style URL slug","N/A","TRUE"
"https://evidentscientific.com/es/products/jd003700/jd003700","es","TRUE","TRUE","FALSE","","","SKU-style URL slug","N/A","TRUE"
"https://evidentscientific.com/es/products/jd022600/jd022600","es","TRUE","TRUE","FALSE","","","SKU-style URL slug","N/A","TRUE"
"https://evidentscientific.com/es/products/jd040800/jd040800","es","TRUE","TRUE","FALSE","","","SKU-style URL slug","N/A","TRUE"
"https://evidentscientific.com/es/products/ju552600/ju552600","es","TRUE","TRUE","FALSE","","","SKU-style URL slug","N/A","TRUE"
"https://evidentscientific.com/es/products/jw119700/jw119700","es","TRUE","TRUE","FALSE","","","SKU-style URL slug","N/A","TRUE"
"https://evidentscientific.com/es/products/jw121600/jw121600","es","TRUE","TRUE","FALSE","","","SKU-style URL slug","N/A","TRUE"
"https://evidentscientific.com/es/products/jw126000/jw126000","es","TRUE","TRUE","FALSE","","","SKU-style URL slug","N/A","TRUE"
"https://evidentscientific.com/es/products/jw135100/jw135100","es","TRUE","TRUE","FALSE","","","SKU-style URL slug","N/A","TRUE"
"https://evidentscientific.com/es/products/jw140800/jw140800","es","TRUE","TRUE","FALSE","","","SKU-style URL slug","N/A","TRUE"
"https://evidentscientific.com/es/products/jw149300/jw149300","es","TRUE","TRUE","FALSE","","","SKU-style URL slug","N/A","TRUE"
"https://evidentscientific.com/es/products/jw499400/jw499400","es","TRUE","TRUE","FALSE","","","SKU-style URL slug","N/A","TRUE"
"https://evidentscientific.com/es/products/jy418900/jy418900","es","TRUE","TRUE","FALSE","","","SKU-style URL slug","N/A","TRUE"
"https://evidentscientific.com/es/products/n1129900/n1129900","es","TRUE","TRUE","FALSE","","","SKU-style URL slug","N/A","TRUE"
"https://evidentscientific.com/es/products/n1130000/n1130000","es","TRUE","TRUE","FALSE","","","SKU-style URL slug","N/A","TRUE"
"https://evidentscientific.com/es/products/n1153000/n1153000","es","TRUE","TRUE","FALSE","","","SKU-style URL slug","N/A","TRUE"
"https://evidentscientific.com/es/products/n1157500/n1157500","es","TRUE","TRUE","FALSE","","","SKU-style URL slug","N/A","TRUE"
"https://evidentscientific.com/es/products/n1198000/n1198000","es","TRUE","TRUE","FALSE","","","SKU-style URL slug","N/A","TRUE"
"https://evidentscientific.com/es/products/n1198100/n1198100","es","TRUE","TRUE","FALSE","","","SKU-style URL slug","N/A","TRUE"
"https://evidentscientific.com/es/products/n1198200/n1198200","es","TRUE","TRUE","FALSE","","","SKU-style URL slug","N/A","TRUE"
"https://evidentscientific.com/es/products/n1198300/n1198300","es","TRUE","TRUE","FALSE","","","SKU-style URL slug","N/A","TRUE"
"https://evidentscientific.com/es/products/n1199900/n1199900","es","TRUE","TRUE","FALSE","","","SKU-style URL slug","N/A","TRUE"
"https://evidentscientific.com/es/products/n1200000/n1200000","es","TRUE","TRUE","FALSE","","","SKU-style URL slug","N/A","TRUE"
"https://evidentscientific.com/es/products/n1200600/n1200600","es","TRUE","TRUE","FALSE","","","SKU-style URL slug","N/A","TRUE"
"https://evidentscientific.com/es/products/n1215800/n1215800","es","TRUE","TRUE","FALSE","","","SKU-style URL slug","N/A","TRUE"
"https://evidentscientific.com/es/products/n1216500/n1216500","es","TRUE","TRUE","FALSE","","","SKU-style URL slug","N/A","TRUE"
"https://evidentscientific.com/es/products/n1220900/n1220900","es","TRUE","TRUE","FALSE","","","SKU-style URL slug","N/A","TRUE"
"https://evidentscientific.com/es/products/n1221000/n1221000","es","TRUE","TRUE","FALSE","","","SKU-style URL slug","N/A","TRUE"
"https://evidentscientific.com/es/products/n1221200/n1221200","es","TRUE","TRUE","FALSE","","","SKU-style URL slug","N/A","TRUE"
"https://evidentscientific.com/es/products/n1468400/n1468400","es","TRUE","TRUE","FALSE","","","SKU-style URL slug","N/A","TRUE"
"https://evidentscientific.com/es/products/n1480000/n1480000","es","TRUE","TRUE","FALSE","","","SKU-style URL slug","N/A","TRUE"
"https://evidentscientific.com/es/products/n1480100/n1480100","es","TRUE","TRUE","FALSE","","","SKU-style URL slug","N/A","TRUE"
"https://evidentscientific.com/es/products/n1480200/n1480200","es","TRUE","TRUE","FALSE","","","SKU-style URL slug","N/A","TRUE"
"https://evidentscientific.com/es/products/n1480300/n1480300","es","TRUE","TRUE","FALSE","","","SKU-style URL slug","N/A","TRUE"
"https://evidentscientific.com/es/products/n1480500/n1480500","es","TRUE","TRUE","FALSE","","","SKU-style URL slug","N/A","TRUE"
"https://evidentscientific.com/es/products/n1480700/n1480700","es","TRUE","TRUE","FALSE","","","SKU-style URL slug","N/A","TRUE"
"https://evidentscientific.com/es/products/n1480800/n1480800","es","TRUE","TRUE","FALSE","","","SKU-style URL slug","N/A","TRUE"
"https://evidentscientific.com/es/products/n1480900/n1480900","es","TRUE","TRUE","FALSE","","","SKU-style URL slug","N/A","TRUE"
"https://evidentscientific.com/es/products/n1489500/n1489500","es","TRUE","TRUE","FALSE","","","SKU-style URL slug","N/A","TRUE"
"https://evidentscientific.com/es/products/n1491600/n1491600","es","TRUE","TRUE","FALSE","","","SKU-style URL slug","N/A","TRUE"
"https://evidentscientific.com/es/products/n1507300/n1507300","es","TRUE","TRUE","FALSE","","","SKU-style URL slug","N/A","TRUE"
"https://evidentscientific.com/es/products/n1507400/n1507400","es","TRUE","TRUE","FALSE","","","SKU-style URL slug","N/A","TRUE"
"https://evidentscientific.com/es/products/n1507600/n1507600","es","TRUE","TRUE","FALSE","","","SKU-style URL slug","N/A","TRUE"
"https://evidentscientific.com/es/products/n1507800/n1507800","es","TRUE","TRUE","FALSE","","","SKU-style URL slug","N/A","TRUE"
"https://evidentscientific.com/es/products/n1507900/n1507900","es","TRUE","TRUE","FALSE","","","SKU-style URL slug","N/A","TRUE"
"https://evidentscientific.com/es/products/n1510600/n1510600","es","TRUE","TRUE","FALSE","","","SKU-style URL slug","N/A","TRUE"
"https://evidentscientific.com/es/products/n1510900/n1510900","es","TRUE","TRUE","FALSE","","","SKU-style URL slug","N/A","TRUE"
"https://evidentscientific.com/es/products/n1511000/n1511000","es","TRUE","TRUE","FALSE","","","SKU-style URL slug","N/A","TRUE"
"https://evidentscientific.com/es/products/n1511200/n1511200","es","TRUE","TRUE","FALSE","","","SKU-style URL slug","N/A","TRUE"
"https://evidentscientific.com/es/products/n1511300/n1511300","es","TRUE","TRUE","FALSE","","","SKU-style URL slug","N/A","TRUE"
"https://evidentscientific.com/es/products/n1561400/n1561400","es","TRUE","TRUE","FALSE","","","SKU-style URL slug","N/A","TRUE"
"https://evidentscientific.com/es/products/n1977500/n1977500","es","TRUE","TRUE","FALSE","","","SKU-style URL slug","N/A","TRUE"
"https://evidentscientific.com/es/products/n1977800/n1977800","es","TRUE","TRUE","FALSE","","","SKU-style URL slug","N/A","TRUE"
"https://evidentscientific.com/es/products/n1977900/n1977900","es","TRUE","TRUE","FALSE","","","SKU-style URL slug","N/A","TRUE"
"https://evidentscientific.com/es/products/n1978100/n1978100","es","TRUE","TRUE","FALSE","","","SKU-style URL slug","N/A","TRUE"
"https://evidentscientific.com/es/products/n1978300/n1978300","es","TRUE","TRUE","FALSE","","","SKU-style URL slug","N/A","TRUE"
"https://evidentscientific.com/es/products/n1978400/n1978400","es","TRUE","TRUE","FALSE","","","SKU-style URL slug","N/A","TRUE"
"https://evidentscientific.com/es/products/n1979600/n1979600","es","TRUE","TRUE","FALSE","","","SKU-style URL slug","N/A","TRUE"
"https://evidentscientific.com/es/products/n2165400/n2165400","es","TRUE","TRUE","FALSE","","","SKU-style URL slug","N/A","TRUE"
"https://evidentscientific.com/es/products/n2165600/n2165600","es","TRUE","TRUE","FALSE","","","SKU-style URL slug","N/A","TRUE"
"https://evidentscientific.com/es/products/n2178900/n2178900","es","TRUE","TRUE","FALSE","","","SKU-style URL slug","N/A","TRUE"
"https://evidentscientific.com/es/products/n2181000/n2181000","es","TRUE","TRUE","FALSE","","","SKU-style URL slug","N/A","TRUE"
"https://evidentscientific.com/es/products/n2181100/n2181100","es","TRUE","TRUE","FALSE","","","SKU-style URL slug","N/A","TRUE"
"https://evidentscientific.com/es/products/n2181200/n2181200","es","TRUE","TRUE","FALSE","","","SKU-style URL slug","N/A","TRUE"
"https://evidentscientific.com/es/products/n2181300/n2181300","es","TRUE","TRUE","FALSE","","","SKU-style URL slug","N/A","TRUE"
"https://evidentscientific.com/es/products/n2181400/n2181400","es","TRUE","TRUE","FALSE","","","SKU-style URL slug","N/A","TRUE"
"https://evidentscientific.com/es/products/n2181800/n2181800","es","TRUE","TRUE","FALSE","","","SKU-style URL slug","N/A","TRUE"
"https://evidentscientific.com/es/products/n2181900/n2181900","es","TRUE","TRUE","FALSE","","","SKU-style URL slug","N/A","TRUE"
"https://evidentscientific.com/es/products/n2182300/n2182300","es","TRUE","TRUE","FALSE","","","SKU-style URL slug","N/A","TRUE"
"https://evidentscientific.com/es/products/n2182400/n2182400","es","TRUE","TRUE","FALSE","","","SKU-style URL slug","N/A","TRUE"
"https://evidentscientific.com/es/products/n2182500/n2182500","es","TRUE","TRUE","FALSE","","","SKU-style URL slug","N/A","TRUE"
"https://evidentscientific.com/es/products/n2182900/n2182900","es","TRUE","TRUE","FALSE","","","SKU-style URL slug","N/A","TRUE"
"https://evidentscientific.com/es/products/n2183000/n2183000","es","TRUE","TRUE","FALSE","","","SKU-style URL slug","N/A","TRUE"
"https://evidentscientific.com/es/products/n2183100/n2183100","es","TRUE","TRUE","FALSE","","","SKU-style URL slug","N/A","TRUE"
"https://evidentscientific.com/es/products/n2183200/n2183200","es","TRUE","TRUE","FALSE","","","SKU-style URL slug","N/A","TRUE"
"https://evidentscientific.com/es/products/n2183300/n2183300","es","TRUE","TRUE","FALSE","","","SKU-style URL slug","N/A","TRUE"
"https://evidentscientific.com/es/products/n2183400/n2183400","es","TRUE","TRUE","FALSE","","","SKU-style URL slug","N/A","TRUE"
"https://evidentscientific.com/es/products/n2183500/n2183500","es","TRUE","TRUE","FALSE","","","SKU-style URL slug","N/A","TRUE"
"https://evidentscientific.com/es/products/n2183600/n2183600","es","TRUE","TRUE","FALSE","","","SKU-style URL slug","N/A","TRUE"
"https://evidentscientific.com/es/products/n2183700/n2183700","es","TRUE","TRUE","FALSE","","","SKU-style URL slug","N/A","TRUE"
"https://evidentscientific.com/es/products/n2183800/n2183800","es","TRUE","TRUE","FALSE","","","SKU-style URL slug","N/A","TRUE"
"https://evidentscientific.com/es/products/n2183900/n2183900","es","TRUE","TRUE","FALSE","","","SKU-style URL slug","N/A","TRUE"
"https://evidentscientific.com/es/products/n2184000/n2184000","es","TRUE","TRUE","FALSE","","","SKU-style URL slug","N/A","TRUE"
"https://evidentscientific.com/es/products/n2190100/n2190100","es","TRUE","TRUE","FALSE","","","SKU-style URL slug","N/A","TRUE"
"https://evidentscientific.com/es/products/n2190200/n2190200","es","TRUE","TRUE","FALSE","","","SKU-style URL slug","N/A","TRUE"
"https://evidentscientific.com/es/products/n2190400/n2190400","es","TRUE","TRUE","FALSE","","","SKU-style URL slug","N/A","TRUE"
"https://evidentscientific.com/es/products/n2190900/n2190900","es","TRUE","TRUE","FALSE","","","SKU-style URL slug","N/A","TRUE"
"https://evidentscientific.com/es/products/n2191000/n2191000","es","TRUE","TRUE","FALSE","","","SKU-style URL slug","N/A","TRUE"
"https://evidentscientific.com/es/products/n2192400/n2192400","es","TRUE","TRUE","FALSE","","","SKU-style URL slug","N/A","TRUE"
"https://evidentscientific.com/es/products/n2194100/n2194100","es","TRUE","TRUE","FALSE","","","SKU-style URL slug","N/A","TRUE"
"https://evidentscientific.com/es/products/n2205200/n2205200","es","TRUE","TRUE","FALSE","","","SKU-style URL slug","N/A","TRUE"
"https://evidentscientific.com/es/products/n2215900/n2215900","es","TRUE","TRUE","FALSE","","","SKU-style URL slug","N/A","TRUE"
"https://evidentscientific.com/es/products/n2216000/n2216000","es","TRUE","TRUE","FALSE","","","SKU-style URL slug","N/A","TRUE"
"https://evidentscientific.com/es/products/n2216100/n2216100","es","TRUE","TRUE","FALSE","","","SKU-style URL slug","N/A","TRUE"
"https://evidentscientific.com/es/products/n2216300/n2216300","es","TRUE","TRUE","FALSE","","","SKU-style URL slug","N/A","TRUE"
"https://evidentscientific.com/es/products/n2246400/n2246400","es","TRUE","TRUE","FALSE","","","SKU-style URL slug","N/A","TRUE"
"https://evidentscientific.com/es/products/n2246500/n2246500","es","TRUE","TRUE","FALSE","","","SKU-style URL slug","N/A","TRUE"
"https://evidentscientific.com/es/products/n2246600/n2246600","es","TRUE","TRUE","FALSE","","","SKU-style URL slug","N/A","TRUE"
"https://evidentscientific.com/es/products/n2246700/n2246700","es","TRUE","TRUE","FALSE","","","SKU-style URL slug","N/A","TRUE"
"https://evidentscientific.com/es/products/n2249100/n2249100","es","TRUE","TRUE","FALSE","","","SKU-style URL slug","N/A","TRUE"
"https://evidentscientific.com/es/products/n2667500/n2667500","es","TRUE","TRUE","FALSE","","","SKU-style URL slug","N/A","TRUE"
"https://evidentscientific.com/es/products/n2667600/n2667600","es","TRUE","TRUE","FALSE","","","SKU-style URL slug","N/A","TRUE"
"https://evidentscientific.com/es/products/n2667700/n2667700","es","TRUE","TRUE","FALSE","","","SKU-style URL slug","N/A","TRUE"
"https://evidentscientific.com/es/products/n2667800/n2667800","es","TRUE","TRUE","FALSE","","","SKU-style URL slug","N/A","TRUE"
"https://evidentscientific.com/es/products/n2667900/n2667900","es","TRUE","TRUE","FALSE","","","SKU-style URL slug","N/A","TRUE"
"https://evidentscientific.com/es/products/n2678200/n2678200","es","TRUE","TRUE","FALSE","","","SKU-style URL slug","N/A","TRUE"
"https://evidentscientific.com/es/products/n2678300/n2678300","es","TRUE","TRUE","FALSE","","","SKU-style URL slug","N/A","TRUE"
"https://evidentscientific.com/es/products/n2678400/n2678400","es","TRUE","TRUE","FALSE","","","SKU-style URL slug","N/A","TRUE"
"https://evidentscientific.com/es/products/n2699300/n2699300","es","TRUE","TRUE","FALSE","","","SKU-style URL slug","N/A","TRUE"
"https://evidentscientific.com/es/products/n2699400/n2699400","es","TRUE","TRUE","FALSE","","","SKU-style URL slug","N/A","TRUE"
"https://evidentscientific.com/es/products/n2699600/n2699600","es","TRUE","TRUE","FALSE","","","SKU-style URL slug","N/A","TRUE"
"https://evidentscientific.com/es/products/n2709100/n2709100","es","TRUE","TRUE","FALSE","","","SKU-style URL slug","N/A","TRUE"
"https://evidentscientific.com/es/products/n2709300/n2709300","es","TRUE","TRUE","FALSE","","","SKU-style URL slug","N/A","TRUE"
"https://evidentscientific.com/es/products/n2709400/n2709400","es","TRUE","TRUE","FALSE","","","SKU-style URL slug","N/A","TRUE"
"https://evidentscientific.com/es/products/n2709500/n2709500","es","TRUE","TRUE","FALSE","","","SKU-style URL slug","N/A","TRUE"
"https://evidentscientific.com/es/products/n2709600/n2709600","es","TRUE","TRUE","FALSE","","","SKU-style URL slug","N/A","TRUE"
"https://evidentscientific.com/es/products/n2711800/n2711800","es","TRUE","TRUE","FALSE","","","SKU-style URL slug","N/A","TRUE"
"https://evidentscientific.com/es/products/n2711900/n2711900","es","TRUE","TRUE","FALSE","","","SKU-style URL slug","N/A","TRUE"
"https://evidentscientific.com/es/products/n2712000/n2712000","es","TRUE","TRUE","FALSE","","","SKU-style URL slug","N/A","TRUE"
"https://evidentscientific.com/es/products/n2712100/n2712100","es","TRUE","TRUE","FALSE","","","SKU-style URL slug","N/A","TRUE"
"https://evidentscientific.com/es/products/n2712300/n2712300","es","TRUE","TRUE","FALSE","","","SKU-style URL slug","N/A","TRUE"
"https://evidentscientific.com/es/products/n2712500/n2712500","es","TRUE","TRUE","FALSE","","","SKU-style URL slug","N/A","TRUE"
"https://evidentscientific.com/es/products/n2712600/n2712600","es","TRUE","TRUE","FALSE","","","SKU-style URL slug","N/A","TRUE"
"https://evidentscientific.com/es/products/n2712700/n2712700","es","TRUE","TRUE","FALSE","","","SKU-style URL slug","N/A","TRUE"
"https://evidentscientific.com/es/products/n2712800/n2712800","es","TRUE","TRUE","FALSE","","","SKU-style URL slug","N/A","TRUE"
"https://evidentscientific.com/es/products/n2712900/n2712900","es","TRUE","TRUE","FALSE","","","SKU-style URL slug","N/A","TRUE"
"https://evidentscientific.com/es/products/n2713000/n2713000","es","TRUE","TRUE","FALSE","","","SKU-style URL slug","N/A","TRUE"
"https://evidentscientific.com/es/products/n2713100/n2713100","es","TRUE","TRUE","FALSE","","","SKU-style URL slug","N/A","TRUE"
"https://evidentscientific.com/es/products/n2713200/n2713200","es","TRUE","TRUE","FALSE","","","SKU-style URL slug","N/A","TRUE"
"https://evidentscientific.com/es/products/n2713300/n2713300","es","TRUE","TRUE","FALSE","","","SKU-style URL slug","N/A","TRUE"
"https://evidentscientific.com/es/products/n2713400/n2713400","es","TRUE","TRUE","FALSE","","","SKU-style URL slug","N/A","TRUE"
"https://evidentscientific.com/es/products/n2713500/n2713500","es","TRUE","TRUE","FALSE","","","SKU-style URL slug","N/A","TRUE"
"https://evidentscientific.com/es/products/n2713600/n2713600","es","TRUE","TRUE","FALSE","","","SKU-style URL slug","N/A","TRUE"
"https://evidentscientific.com/es/products/n2713700/n2713700","es","TRUE","TRUE","FALSE","","","SKU-style URL slug","N/A","TRUE"
"https://evidentscientific.com/es/products/n2713800/n2713800","es","TRUE","TRUE","FALSE","","","SKU-style URL slug","N/A","TRUE"
"https://evidentscientific.com/es/products/n2738000/n2738000","es","TRUE","TRUE","FALSE","","","SKU-style URL slug","N/A","TRUE"
"https://evidentscientific.com/es/products/n2738700/n2738700","es","TRUE","TRUE","FALSE","","","SKU-style URL slug","N/A","TRUE"
"https://evidentscientific.com/es/products/n2738800/n2738800","es","TRUE","TRUE","FALSE","","","SKU-style URL slug","N/A","TRUE"
"https://evidentscientific.com/es/products/n2738900/n2738900","es","TRUE","TRUE","FALSE","","","SKU-style URL slug","N/A","TRUE"
"https://evidentscientific.com/es/products/n2739000/n2739000","es","TRUE","TRUE","FALSE","","","SKU-style URL slug","N/A","TRUE"
"https://evidentscientific.com/es/products/n2739100/n2739100","es","TRUE","TRUE","FALSE","","","SKU-style URL slug","N/A","TRUE"
"https://evidentscientific.com/es/products/n2750100/n2750100","es","TRUE","TRUE","FALSE","","","SKU-style URL slug","N/A","TRUE"
"https://evidentscientific.com/es/products/n2750300/n2750300","es","TRUE","TRUE","FALSE","","","SKU-style URL slug","N/A","TRUE"
"https://evidentscientific.com/es/products/n2756500/n2756500","es","TRUE","TRUE","FALSE","","","SKU-style URL slug","N/A","TRUE"
"https://evidentscientific.com/es/products/n2756600/n2756600","es","TRUE","TRUE","FALSE","","","SKU-style URL slug","N/A","TRUE"
"https://evidentscientific.com/es/products/n2757000/n2757000","es","TRUE","TRUE","FALSE","","","SKU-style URL slug","N/A","TRUE"
"https://evidentscientific.com/es/products/n2757400/n2757400","es","TRUE","TRUE","FALSE","","","SKU-style URL slug","N/A","TRUE"
"https://evidentscientific.com/es/products/n4212100/n4212100","es","TRUE","TRUE","FALSE","","","SKU-style URL slug","N/A","TRUE"
"https://evidentscientific.com/es/products/n4227000/n4227000","es","TRUE","TRUE","FALSE","","","SKU-style URL slug","N/A","TRUE"
"https://evidentscientific.com/es/products/n4235000/n4235000","es","TRUE","TRUE","FALSE","","","SKU-style URL slug","N/A","TRUE"
"https://evidentscientific.com/es/products/n4245300/n4245300","es","TRUE","TRUE","FALSE","","","SKU-style URL slug","N/A","TRUE"
"https://evidentscientific.com/es/products/n4245600/n4245600","es","TRUE","TRUE","FALSE","","","SKU-style URL slug","N/A","TRUE"
"https://evidentscientific.com/es/products/n4246000/n4246000","es","TRUE","TRUE","FALSE","","","SKU-style URL slug","N/A","TRUE"
"https://evidentscientific.com/es/products/n4246100/n4246100","es","TRUE","TRUE","FALSE","","","SKU-style URL slug","N/A","TRUE"
"https://evidentscientific.com/es/products/n4247500/n4247500","es","TRUE","TRUE","FALSE","","","SKU-style URL slug","N/A","TRUE"
"https://evidentscientific.com/es/products/n4247600/n4247600","es","TRUE","TRUE","FALSE","","","SKU-style URL slug","N/A","TRUE"
"https://evidentscientific.com/es/products/n4247700/n4247700","es","TRUE","TRUE","FALSE","","","SKU-style URL slug","N/A","TRUE"
"https://evidentscientific.com/es/products/n4248100/n4248100","es","TRUE","TRUE","FALSE","","","SKU-style URL slug","N/A","TRUE"
"https://evidentscientific.com/es/products/n4248400/n4248400","es","TRUE","TRUE","FALSE","","","SKU-style URL slug","N/A","TRUE"
"https://evidentscientific.com/es/products/n4257800/n4257800","es","TRUE","TRUE","FALSE","","","SKU-style URL slug","N/A","TRUE"
"https://evidentscientific.com/es/products/n4262300/n4262300","es","TRUE","TRUE","FALSE","","","SKU-style URL slug","N/A","TRUE"
"https://evidentscientific.com/es/products/n4273900/n4273900","es","TRUE","TRUE","FALSE","","","SKU-style URL slug","N/A","TRUE"
"https://evidentscientific.com/es/products/n4274000/n4274000","es","TRUE","TRUE","FALSE","","","SKU-style URL slug","N/A","TRUE"
"https://evidentscientific.com/es/products/n4274100/n4274100","es","TRUE","TRUE","FALSE","","","SKU-style URL slug","N/A","TRUE"
"https://evidentscientific.com/es/products/n5145300/n5145300","es","TRUE","TRUE","FALSE","","","SKU-style URL slug","N/A","TRUE"
"https://evidentscientific.com/es/products/n5165000/n5165000","es","TRUE","TRUE","FALSE","","","SKU-style URL slug","N/A","TRUE"
"https://evidentscientific.com/es/products/n5165100/n5165100","es","TRUE","TRUE","FALSE","","","SKU-style URL slug","N/A","TRUE"
"https://evidentscientific.com/es/products/n5165200/n5165200","es","TRUE","TRUE","FALSE","","","SKU-style URL slug","N/A","TRUE"
"https://evidentscientific.com/es/products/n5186100/n5186100","es","TRUE","TRUE","FALSE","","","SKU-style URL slug","N/A","TRUE"
"https://evidentscientific.com/es/products/n5186200/n5186200","es","TRUE","TRUE","FALSE","","","SKU-style URL slug","N/A","TRUE"
"https://evidentscientific.com/es/products/n5186300/n5186300","es","TRUE","TRUE","FALSE","","","SKU-style URL slug","N/A","TRUE"
"https://evidentscientific.com/es/products/n5186400/n5186400","es","TRUE","TRUE","FALSE","","","SKU-style URL slug","N/A","TRUE"
"https://evidentscientific.com/es/products/n5186500/n5186500","es","TRUE","TRUE","FALSE","","","SKU-style URL slug","N/A","TRUE"
"https://evidentscientific.com/es/products/n5202500/n5202500","es","TRUE","TRUE","FALSE","","","SKU-style URL slug","N/A","TRUE"
"https://evidentscientific.com/es/products/n5202600/n5202600","es","TRUE","TRUE","FALSE","","","SKU-style URL slug","N/A","TRUE"
"https://evidentscientific.com/es/products/n5202900/n5202900","es","TRUE","TRUE","FALSE","","","SKU-style URL slug","N/A","TRUE"
"https://evidentscientific.com/es/products/n5203000/n5203000","es","TRUE","TRUE","FALSE","","","SKU-style URL slug","N/A","TRUE"
"https://evidentscientific.com/es/products/n5203100/n5203100","es","TRUE","TRUE","FALSE","","","SKU-style URL slug","N/A","TRUE"
"https://evidentscientific.com/es/products/n5228400/n5228400","es","TRUE","TRUE","FALSE","","","SKU-style URL slug","N/A","TRUE"
"https://evidentscientific.com/es/products/n5228500/n5228500","es","TRUE","TRUE","FALSE","","","SKU-style URL slug","N/A","TRUE"
"https://evidentscientific.com/es/products/n5228800/n5228800","es","TRUE","TRUE","FALSE","","","SKU-style URL slug","N/A","TRUE"
"https://evidentscientific.com/es/products/n5228900/n5228900","es","TRUE","TRUE","FALSE","","","SKU-style URL slug","N/A","TRUE"
"https://evidentscientific.com/es/products/n5229200/n5229200","es","TRUE","TRUE","FALSE","","","SKU-style URL slug","N/A","TRUE"
"https://evidentscientific.com/es/products/n5232100/n5232100","es","TRUE","TRUE","FALSE","","","SKU-style URL slug","N/A","TRUE"
"https://evidentscientific.com/es/products/n5667800/n5667800","es","TRUE","TRUE","FALSE","","","SKU-style URL slug","N/A","TRUE"
"https://evidentscientific.com/es/products/n5669300/n5669300","es","TRUE","TRUE","FALSE","","","SKU-style URL slug","N/A","TRUE"
"https://evidentscientific.com/es/products/n5687100/n5687100","es","TRUE","TRUE","FALSE","","","SKU-style URL slug","N/A","TRUE"
"https://evidentscientific.com/es/products/n5687200/n5687200","es","TRUE","TRUE","FALSE","","","SKU-style URL slug","N/A","TRUE"
"https://evidentscientific.com/es/products/n5701600/n5701600","es","TRUE","TRUE","FALSE","","","SKU-style URL slug","N/A","TRUE"
"https://evidentscientific.com/es/products/n5701700/n5701700","es","TRUE","TRUE","FALSE","","","SKU-style URL slug","N/A","TRUE"
"https://evidentscientific.com/es/products/n5702700/n5702700","es","TRUE","TRUE","FALSE","","","SKU-style URL slug","N/A","TRUE"
"https://evidentscientific.com/es/products/n5703200/n5703200","es","TRUE","TRUE","FALSE","","","SKU-style URL slug","N/A","TRUE"
"https://evidentscientific.com/es/products/n5703300/n5703300","es","TRUE","TRUE","FALSE","","","SKU-style URL slug","N/A","TRUE"
"https://evidentscientific.com/es/products/n5703400/n5703400","es","TRUE","TRUE","FALSE","","","SKU-style URL slug","N/A","TRUE"
"https://evidentscientific.com/es/products/n5703500/n5703500","es","TRUE","TRUE","FALSE","","","SKU-style URL slug","N/A","TRUE"
"https://evidentscientific.com/es/products/n5703600/n5703600","es","TRUE","TRUE","FALSE","","","SKU-style URL slug","N/A","TRUE"
"https://evidentscientific.com/es/products/n5703700/n5703700","es","TRUE","TRUE","FALSE","","","SKU-style URL slug","N/A","TRUE"
"https://evidentscientific.com/es/products/n5703800/n5703800","es","TRUE","TRUE","FALSE","","","SKU-style URL slug","N/A","TRUE"
"https://evidentscientific.com/es/products/n5703900/n5703900","es","TRUE","TRUE","FALSE","","","SKU-style URL slug","N/A","TRUE"
"https://evidentscientific.com/es/products/n5704000/n5704000","es","TRUE","TRUE","FALSE","","","SKU-style URL slug","N/A","TRUE"
"https://evidentscientific.com/es/products/n5704700/n5704700","es","TRUE","TRUE","FALSE","","","SKU-style URL slug","N/A","TRUE"
"https://evidentscientific.com/es/products/n5743700/n5743700","es","TRUE","TRUE","FALSE","","","SKU-style URL slug","N/A","TRUE"
"https://evidentscientific.com/es/products/n5743800/n5743800","es","TRUE","TRUE","FALSE","","","SKU-style URL slug","N/A","TRUE"
"https://evidentscientific.com/es/products/n5743900/n5743900","es","TRUE","TRUE","FALSE","","","SKU-style URL slug","N/A","TRUE"
"https://evidentscientific.com/es/products/n5744000/n5744000","es","TRUE","TRUE","FALSE","","","SKU-style URL slug","N/A","TRUE"
"https://evidentscientific.com/es/products/n5744100/n5744100","es","TRUE","TRUE","FALSE","","","SKU-style URL slug","N/A","TRUE"
"https://evidentscientific.com/es/products/n5744200/n5744200","es","TRUE","TRUE","FALSE","","","SKU-style URL slug","N/A","TRUE"
"https://evidentscientific.com/es/products/n5744300/n5744300","es","TRUE","TRUE","FALSE","","","SKU-style URL slug","N/A","TRUE"
"https://evidentscientific.com/es/products/n5744400/n5744400","es","TRUE","TRUE","FALSE","","","SKU-style URL slug","N/A","TRUE"
"https://evidentscientific.com/es/products/n5744500/n5744500","es","TRUE","TRUE","FALSE","","","SKU-style URL slug","N/A","TRUE"
"https://evidentscientific.com/es/products/n5744600/n5744600","es","TRUE","TRUE","FALSE","","","SKU-style URL slug","N/A","TRUE"
"https://evidentscientific.com/es/products/n6389000/n6389000","es","TRUE","TRUE","FALSE","","","SKU-style URL slug","N/A","TRUE"
"https://evidentscientific.com/es/products/n6389100/n6389100","es","TRUE","TRUE","FALSE","","","SKU-style URL slug","N/A","TRUE"
"https://evidentscientific.com/es/products/n6389200/n6389200","es","TRUE","TRUE","FALSE","","","SKU-style URL slug","N/A","TRUE"
"https://evidentscientific.com/es/products/n6389300/n6389300","es","TRUE","TRUE","FALSE","","","SKU-style URL slug","N/A","TRUE"
"https://evidentscientific.com/es/products/n6389400/n6389400","es","TRUE","TRUE","FALSE","","","SKU-style URL slug","N/A","TRUE"
"https://evidentscientific.com/es/products/n6389500/n6389500","es","TRUE","TRUE","FALSE","","","SKU-style URL slug","N/A","TRUE"
"https://evidentscientific.com/es/products/n6389600/n6389600","es","TRUE","TRUE","FALSE","","","SKU-style URL slug","N/A","TRUE"
"https://evidentscientific.com/es/products/n6389700/n6389700","es","TRUE","TRUE","FALSE","","","SKU-style URL slug","N/A","TRUE"
"https://evidentscientific.com/es/products/n6432600/n6432600","es","TRUE","TRUE","FALSE","","","SKU-style URL slug","N/A","TRUE"
"https://evidentscientific.com/es/products/n6432700/n6432700","es","TRUE","TRUE","FALSE","","","SKU-style URL slug","N/A","TRUE"
"https://evidentscientific.com/es/products/n6432900/n6432900","es","TRUE","TRUE","FALSE","","","SKU-style URL slug","N/A","TRUE"
"https://evidentscientific.com/es/products/n6433000/n6433000","es","TRUE","TRUE","FALSE","","","SKU-style URL slug","N/A","TRUE"
"https://evidentscientific.com/es/products/n6433100/n6433100","es","TRUE","TRUE","FALSE","","","SKU-style URL slug","N/A","TRUE"
"https://evidentscientific.com/es/products/n6433200/n6433200","es","TRUE","TRUE","FALSE","","","SKU-style URL slug","N/A","TRUE"
"https://evidentscientific.com/es/products/n6433300/n6433300","es","TRUE","TRUE","FALSE","","","SKU-style URL slug","N/A","TRUE"
"https://evidentscientific.com/es/products/n6433400/n6433400","es","TRUE","TRUE","FALSE","","","SKU-style URL slug","N/A","TRUE"
"https://evidentscientific.com/es/products/n6433500/n6433500","es","TRUE","TRUE","FALSE","","","SKU-style URL slug","N/A","TRUE"
"https://evidentscientific.com/es/products/n6433600/n6433600","es","TRUE","TRUE","FALSE","","","SKU-style URL slug","N/A","TRUE"
"https://evidentscientific.com/es/products/n6433700/n6433700","es","TRUE","TRUE","FALSE","","","SKU-style URL slug","N/A","TRUE"
"https://evidentscientific.com/es/products/n6433800/n6433800","es","TRUE","TRUE","FALSE","","","SKU-style URL slug","N/A","TRUE"
"https://evidentscientific.com/es/products/n6444400/n6444400","es","TRUE","TRUE","FALSE","","","SKU-style URL slug","N/A","TRUE"
"https://evidentscientific.com/es/products/n6444500/n6444500","es","TRUE","TRUE","FALSE","","","SKU-style URL slug","N/A","TRUE"
"https://evidentscientific.com/es/products/n6444600/n6444600","es","TRUE","TRUE","FALSE","","","SKU-style URL slug","N/A","TRUE"
"https://evidentscientific.com/es/products/n6444700/n6444700","es","TRUE","TRUE","FALSE","","","SKU-style URL slug","N/A","TRUE"
"https://evidentscientific.com/es/products/n6444800/n6444800","es","TRUE","TRUE","FALSE","","","SKU-style URL slug","N/A","TRUE"
"https://evidentscientific.com/es/products/n6444900/n6444900","es","TRUE","TRUE","FALSE","","","SKU-style URL slug","N/A","TRUE"
"https://evidentscientific.com/es/products/n6445000/n6445000","es","TRUE","TRUE","FALSE","","","SKU-style URL slug","N/A","TRUE"
"https://evidentscientific.com/es/products/n6445100/n6445100","es","TRUE","TRUE","FALSE","","","SKU-style URL slug","N/A","TRUE"
"https://evidentscientific.com/es/products/n6445200/n6445200","es","TRUE","TRUE","FALSE","","","SKU-style URL slug","N/A","TRUE"
"https://evidentscientific.com/es/products/n6445300/n6445300","es","TRUE","TRUE","FALSE","","","SKU-style URL slug","N/A","TRUE"
"https://evidentscientific.com/es/products/n6445400/n6445400","es","TRUE","TRUE","FALSE","","","SKU-style URL slug","N/A","TRUE"
"https://evidentscientific.com/es/products/n6445500/n6445500","es","TRUE","TRUE","FALSE","","","SKU-style URL slug","N/A","TRUE"
"https://evidentscientific.com/es/products/n6445600/n6445600","es","TRUE","TRUE","FALSE","","","SKU-style URL slug","N/A","TRUE"
"https://evidentscientific.com/es/products/n6454300/n6454300","es","TRUE","TRUE","FALSE","","","SKU-style URL slug","N/A","TRUE"
"https://evidentscientific.com/es/products/n6454400/n6454400","es","TRUE","TRUE","FALSE","","","SKU-style URL slug","N/A","TRUE"
"https://evidentscientific.com/es/products/n6455600/n6455600","es","TRUE","TRUE","FALSE","","","SKU-style URL slug","N/A","TRUE"
"https://evidentscientific.com/es/products/n6455700/n6455700","es","TRUE","TRUE","FALSE","","","SKU-style URL slug","N/A","TRUE"
"https://evidentscientific.com/es/products/n6455800/n6455800","es","TRUE","TRUE","FALSE","","","SKU-style URL slug","N/A","TRUE"
"https://evidentscientific.com/es/products/o661175/o661175","es","TRUE","TRUE","FALSE","","","SKU-style URL slug","N/A","TRUE"
"https://evidentscientific.com/es/products/pln20xcy/pln20xcy","es","TRUE","TRUE","FALSE","","","SKU-style URL slug","N/A","TRUE"
"https://evidentscientific.com/es/products/pln4xcy/pln4xcy","es","TRUE","TRUE","FALSE","","","SKU-style URL slug","N/A","TRUE"
"https://evidentscientific.com/es/products/we108019/we108019","es","TRUE","TRUE","FALSE","","","SKU-style URL slug","N/A","TRUE"
"https://evidentscientific.com/es/products/we402458/we402458","es","TRUE","TRUE","FALSE","","","SKU-style URL slug","N/A","TRUE"
"https://evidentscientific.com/fr/products/1460500/1460500","fr","TRUE","TRUE","FALSE","","","SKU-style URL slug","N/A","TRUE"
"https://evidentscientific.com/fr/products/562445024/562445024","fr","TRUE","TRUE","FALSE","","","SKU-style URL slug","N/A","TRUE"
"https://evidentscientific.com/fr/products/562445135/562445135","fr","TRUE","TRUE","FALSE","","","SKU-style URL slug","N/A","TRUE"
"https://evidentscientific.com/fr/products/8000302/8000302","fr","TRUE","TRUE","FALSE","","","SKU-style URL slug","N/A","TRUE"
"https://evidentscientific.com/fr/products/a822482/a822482","fr","TRUE","TRUE","FALSE","","","SKU-style URL slug","N/A","TRUE"
"https://evidentscientific.com/fr/products/aq885201/aq885201","fr","TRUE","TRUE","FALSE","","","SKU-style URL slug","N/A","TRUE"
"https://evidentscientific.com/fr/products/as208300/as208300","fr","TRUE","TRUE","FALSE","","","SKU-style URL slug","N/A","TRUE"
"https://evidentscientific.com/fr/products/av776901/av776901","fr","TRUE","TRUE","FALSE","","","SKU-style URL slug","N/A","TRUE"
"https://evidentscientific.com/fr/products/av832300/av832300","fr","TRUE","TRUE","FALSE","","","SKU-style URL slug","N/A","TRUE"
"https://evidentscientific.com/fr/products/aw096401/aw096401","fr","TRUE","TRUE","FALSE","","","SKU-style URL slug","N/A","TRUE"
"https://evidentscientific.com/fr/products/aw700200/aw700200","fr","TRUE","TRUE","FALSE","","","SKU-style URL slug","N/A","TRUE"
"https://evidentscientific.com/fr/products/aw763200/aw763200","fr","TRUE","TRUE","FALSE","","","SKU-style URL slug","N/A","TRUE"
"https://evidentscientific.com/fr/products/aw776500/aw776500","fr","TRUE","TRUE","FALSE","","","SKU-style URL slug","N/A","TRUE"
"https://evidentscientific.com/fr/products/ax0001/ax0001","fr","TRUE","TRUE","FALSE","","","SKU-style URL slug","N/A","TRUE"
"https://evidentscientific.com/fr/products/ax0003/ax0003","fr","TRUE","TRUE","FALSE","","","SKU-style URL slug","N/A","TRUE"
"https://evidentscientific.com/fr/products/dk521600/dk521600","fr","TRUE","TRUE","FALSE","","","SKU-style URL slug","N/A","TRUE"
"https://evidentscientific.com/fr/products/dl405700/dl405700","fr","TRUE","TRUE","FALSE","","","SKU-style URL slug","N/A","TRUE"
"https://evidentscientific.com/fr/products/do141301/do141301","fr","TRUE","TRUE","FALSE","","","SKU-style URL slug","N/A","TRUE"
"https://evidentscientific.com/fr/products/e0435882/e0435882","fr","TRUE","TRUE","FALSE","","","SKU-style URL slug","N/A","TRUE"
"https://evidentscientific.com/fr/products/e9700719/e9700719","fr","TRUE","TRUE","FALSE","","","SKU-style URL slug","N/A","TRUE"
"https://evidentscientific.com/fr/products/e9701557/e9701557","fr","TRUE","TRUE","FALSE","","","SKU-style URL slug","N/A","TRUE"
"https://evidentscientific.com/fr/products/e9701714/e9701714","fr","TRUE","TRUE","FALSE","","","SKU-style URL slug","N/A","TRUE"
"https://evidentscientific.com/fr/products/e9701832/e9701832","fr","TRUE","TRUE","FALSE","","","SKU-style URL slug","N/A","TRUE"
"https://evidentscientific.com/fr/products/e9701883/e9701883","fr","TRUE","TRUE","FALSE","","","SKU-style URL slug","N/A","TRUE"
"https://evidentscientific.com/fr/products/ja768201/ja768201","fr","TRUE","TRUE","FALSE","","","SKU-style URL slug","N/A","TRUE"
"https://evidentscientific.com/fr/products/jb428302/jb428302","fr","TRUE","TRUE","FALSE","","","SKU-style URL slug","N/A","TRUE"
"https://evidentscientific.com/fr/products/jb901600/jb901600","fr","TRUE","TRUE","FALSE","","","SKU-style URL slug","N/A","TRUE"
"https://evidentscientific.com/fr/products/jb952600/jb952600","fr","TRUE","TRUE","FALSE","","","SKU-style URL slug","N/A","TRUE"
"https://evidentscientific.com/fr/products/jd003700/jd003700","fr","TRUE","TRUE","FALSE","","","SKU-style URL slug","N/A","TRUE"
"https://evidentscientific.com/fr/products/jd022600/jd022600","fr","TRUE","TRUE","FALSE","","","SKU-style URL slug","N/A","TRUE"
"https://evidentscientific.com/fr/products/jd040800/jd040800","fr","TRUE","TRUE","FALSE","","","SKU-style URL slug","N/A","TRUE"
"https://evidentscientific.com/fr/products/ju552600/ju552600","fr","TRUE","TRUE","FALSE","","","SKU-style URL slug","N/A","TRUE"
"https://evidentscientific.com/fr/products/jw119700/jw119700","fr","TRUE","TRUE","FALSE","","","SKU-style URL slug","N/A","TRUE"
"https://evidentscientific.com/fr/products/jw121600/jw121600","fr","TRUE","TRUE","FALSE","","","SKU-style URL slug","N/A","TRUE"
"https://evidentscientific.com/fr/products/jw126000/jw126000","fr","TRUE","TRUE","FALSE","","","SKU-style URL slug","N/A","TRUE"
"https://evidentscientific.com/fr/products/jw135100/jw135100","fr","TRUE","TRUE","FALSE","","","SKU-style URL slug","N/A","TRUE"
"https://evidentscientific.com/fr/products/jw140800/jw140800","fr","TRUE","TRUE","FALSE","","","SKU-style URL slug","N/A","TRUE"
"https://evidentscientific.com/fr/products/jw149300/jw149300","fr","TRUE","TRUE","FALSE","","","SKU-style URL slug","N/A","TRUE"
"https://evidentscientific.com/fr/products/jw499400/jw499400","fr","TRUE","TRUE","FALSE","","","SKU-style URL slug","N/A","TRUE"
"https://evidentscientific.com/fr/products/jy418900/jy418900","fr","TRUE","TRUE","FALSE","","","SKU-style URL slug","N/A","TRUE"
"https://evidentscientific.com/fr/products/n1129900/n1129900","fr","TRUE","TRUE","FALSE","","","SKU-style URL slug","N/A","TRUE"
"https://evidentscientific.com/fr/products/n1130000/n1130000","fr","TRUE","TRUE","FALSE","","","SKU-style URL slug","N/A","TRUE"
"https://evidentscientific.com/fr/products/n1153000/n1153000","fr","TRUE","TRUE","FALSE","","","SKU-style URL slug","N/A","TRUE"
"https://evidentscientific.com/fr/products/n1157500/n1157500","fr","TRUE","TRUE","FALSE","","","SKU-style URL slug","N/A","TRUE"
"https://evidentscientific.com/fr/products/n1198000/n1198000","fr","TRUE","TRUE","FALSE","","","SKU-style URL slug","N/A","TRUE"
"https://evidentscientific.com/fr/products/n1198100/n1198100","fr","TRUE","TRUE","FALSE","","","SKU-style URL slug","N/A","TRUE"
"https://evidentscientific.com/fr/products/n1198200/n1198200","fr","TRUE","TRUE","FALSE","","","SKU-style URL slug","N/A","TRUE"
"https://evidentscientific.com/fr/products/n1198300/n1198300","fr","TRUE","TRUE","FALSE","","","SKU-style URL slug","N/A","TRUE"
"https://evidentscientific.com/fr/products/n1199900/n1199900","fr","TRUE","TRUE","FALSE","","","SKU-style URL slug","N/A","TRUE"
"https://evidentscientific.com/fr/products/n1200000/n1200000","fr","TRUE","TRUE","FALSE","","","SKU-style URL slug","N/A","TRUE"
"https://evidentscientific.com/fr/products/n1200600/n1200600","fr","TRUE","TRUE","FALSE","","","SKU-style URL slug","N/A","TRUE"
"https://evidentscientific.com/fr/products/n1215800/n1215800","fr","TRUE","TRUE","FALSE","","","SKU-style URL slug","N/A","TRUE"
"https://evidentscientific.com/fr/products/n1216500/n1216500","fr","TRUE","TRUE","FALSE","","","SKU-style URL slug","N/A","TRUE"
"https://evidentscientific.com/fr/products/n1220900/n1220900","fr","TRUE","TRUE","FALSE","","","SKU-style URL slug","N/A","TRUE"
"https://evidentscientific.com/fr/products/n1221000/n1221000","fr","TRUE","TRUE","FALSE","","","SKU-style URL slug","N/A","TRUE"
"https://evidentscientific.com/fr/products/n1221200/n1221200","fr","TRUE","TRUE","FALSE","","","SKU-style URL slug","N/A","TRUE"
"https://evidentscientific.com/fr/products/n1468400/n1468400","fr","TRUE","TRUE","FALSE","","","SKU-style URL slug","N/A","TRUE"
"https://evidentscientific.com/fr/products/n1480000/n1480000","fr","TRUE","TRUE","FALSE","","","SKU-style URL slug","N/A","TRUE"
"https://evidentscientific.com/fr/products/n1480100/n1480100","fr","TRUE","TRUE","FALSE","","","SKU-style URL slug","N/A","TRUE"
"https://evidentscientific.com/fr/products/n1480200/n1480200","fr","TRUE","TRUE","FALSE","","","SKU-style URL slug","N/A","TRUE"
"https://evidentscientific.com/fr/products/n1480300/n1480300","fr","TRUE","TRUE","FALSE","","","SKU-style URL slug","N/A","TRUE"
"https://evidentscientific.com/fr/products/n1480500/n1480500","fr","TRUE","TRUE","FALSE","","","SKU-style URL slug","N/A","TRUE"
"https://evidentscientific.com/fr/products/n1480700/n1480700","fr","TRUE","TRUE","FALSE","","","SKU-style URL slug","N/A","TRUE"
"https://evidentscientific.com/fr/products/n1480800/n1480800","fr","TRUE","TRUE","FALSE","","","SKU-style URL slug","N/A","TRUE"
"https://evidentscientific.com/fr/products/n1480900/n1480900","fr","TRUE","TRUE","FALSE","","","SKU-style URL slug","N/A","TRUE"
"https://evidentscientific.com/fr/products/n1489500/n1489500","fr","TRUE","TRUE","FALSE","","","SKU-style URL slug","N/A","TRUE"
"https://evidentscientific.com/fr/products/n1491600/n1491600","fr","TRUE","TRUE","FALSE","","","SKU-style URL slug","N/A","TRUE"
"https://evidentscientific.com/fr/products/n1507300/n1507300","fr","TRUE","TRUE","FALSE","","","SKU-style URL slug","N/A","TRUE"
"https://evidentscientific.com/fr/products/n1507400/n1507400","fr","TRUE","TRUE","FALSE","","","SKU-style URL slug","N/A","TRUE"
"https://evidentscientific.com/fr/products/n1507600/n1507600","fr","TRUE","TRUE","FALSE","","","SKU-style URL slug","N/A","TRUE"
"https://evidentscientific.com/fr/products/n1507800/n1507800","fr","TRUE","TRUE","FALSE","","","SKU-style URL slug","N/A","TRUE"
"https://evidentscientific.com/fr/products/n1507900/n1507900","fr","TRUE","TRUE","FALSE","","","SKU-style URL slug","N/A","TRUE"
"https://evidentscientific.com/fr/products/n1510600/n1510600","fr","TRUE","TRUE","FALSE","","","SKU-style URL slug","N/A","TRUE"
"https://evidentscientific.com/fr/products/n1510900/n1510900","fr","TRUE","TRUE","FALSE","","","SKU-style URL slug","N/A","TRUE"
"https://evidentscientific.com/fr/products/n1511000/n1511000","fr","TRUE","TRUE","FALSE","","","SKU-style URL slug","N/A","TRUE"
"https://evidentscientific.com/fr/products/n1511200/n1511200","fr","TRUE","TRUE","FALSE","","","SKU-style URL slug","N/A","TRUE"
"https://evidentscientific.com/fr/products/n1511300/n1511300","fr","TRUE","TRUE","FALSE","","","SKU-style URL slug","N/A","TRUE"
"https://evidentscientific.com/fr/products/n1561400/n1561400","fr","TRUE","TRUE","FALSE","","","SKU-style URL slug","N/A","TRUE"
"https://evidentscientific.com/fr/products/n1977500/n1977500","fr","TRUE","TRUE","FALSE","","","SKU-style URL slug","N/A","TRUE"
"https://evidentscientific.com/fr/products/n1977800/n1977800","fr","TRUE","TRUE","FALSE","","","SKU-style URL slug","N/A","TRUE"
"https://evidentscientific.com/fr/products/n1977900/n1977900","fr","TRUE","TRUE","FALSE","","","SKU-style URL slug","N/A","TRUE"
"https://evidentscientific.com/fr/products/n1978100/n1978100","fr","TRUE","TRUE","FALSE","","","SKU-style URL slug","N/A","TRUE"
"https://evidentscientific.com/fr/products/n1978300/n1978300","fr","TRUE","TRUE","FALSE","","","SKU-style URL slug","N/A","TRUE"
"https://evidentscientific.com/fr/products/n1978400/n1978400","fr","TRUE","TRUE","FALSE","","","SKU-style URL slug","N/A","TRUE"
"https://evidentscientific.com/fr/products/n1979600/n1979600","fr","TRUE","TRUE","FALSE","","","SKU-style URL slug","N/A","TRUE"
"https://evidentscientific.com/fr/products/n2165400/n2165400","fr","TRUE","TRUE","FALSE","","","SKU-style URL slug","N/A","TRUE"
"https://evidentscientific.com/fr/products/n2165600/n2165600","fr","TRUE","TRUE","FALSE","","","SKU-style URL slug","N/A","TRUE"
"https://evidentscientific.com/fr/products/n2178900/n2178900","fr","TRUE","TRUE","FALSE","","","SKU-style URL slug","N/A","TRUE"
"https://evidentscientific.com/fr/products/n2181000/n2181000","fr","TRUE","TRUE","FALSE","","","SKU-style URL slug","N/A","TRUE"
"https://evidentscientific.com/fr/products/n2181100/n2181100","fr","TRUE","TRUE","FALSE","","","SKU-style URL slug","N/A","TRUE"
"https://evidentscientific.com/fr/products/n2181200/n2181200","fr","TRUE","TRUE","FALSE","","","SKU-style URL slug","N/A","TRUE"
"https://evidentscientific.com/fr/products/n2181300/n2181300","fr","TRUE","TRUE","FALSE","","","SKU-style URL slug","N/A","TRUE"
"https://evidentscientific.com/fr/products/n2181400/n2181400","fr","TRUE","TRUE","FALSE","","","SKU-style URL slug","N/A","TRUE"
"https://evidentscientific.com/fr/products/n2181800/n2181800","fr","TRUE","TRUE","FALSE","","","SKU-style URL slug","N/A","TRUE"
"https://evidentscientific.com/fr/products/n2181900/n2181900","fr","TRUE","TRUE","FALSE","","","SKU-style URL slug","N/A","TRUE"
"https://evidentscientific.com/fr/products/n2182300/n2182300","fr","TRUE","TRUE","FALSE","","","SKU-style URL slug","N/A","TRUE"
"https://evidentscientific.com/fr/products/n2182400/n2182400","fr","TRUE","TRUE","FALSE","","","SKU-style URL slug","N/A","TRUE"
"https://evidentscientific.com/fr/products/n2182500/n2182500","fr","TRUE","TRUE","FALSE","","","SKU-style URL slug","N/A","TRUE"
"https://evidentscientific.com/fr/products/n2182900/n2182900","fr","TRUE","TRUE","FALSE","","","SKU-style URL slug","N/A","TRUE"
"https://evidentscientific.com/fr/products/n2183000/n2183000","fr","TRUE","TRUE","FALSE","","","SKU-style URL slug","N/A","TRUE"
"https://evidentscientific.com/fr/products/n2183100/n2183100","fr","TRUE","TRUE","FALSE","","","SKU-style URL slug","N/A","TRUE"
"https://evidentscientific.com/fr/products/n2183200/n2183200","fr","TRUE","TRUE","FALSE","","","SKU-style URL slug","N/A","TRUE"
"https://evidentscientific.com/fr/products/n2183300/n2183300","fr","TRUE","TRUE","FALSE","","","SKU-style URL slug","N/A","TRUE"
"https://evidentscientific.com/fr/products/n2183400/n2183400","fr","TRUE","TRUE","FALSE","","","SKU-style URL slug","N/A","TRUE"
"https://evidentscientific.com/fr/products/n2183500/n2183500","fr","TRUE","TRUE","FALSE","","","SKU-style URL slug","N/A","TRUE"
"https://evidentscientific.com/fr/products/n2183600/n2183600","fr","TRUE","TRUE","FALSE","","","SKU-style URL slug","N/A","TRUE"
"https://evidentscientific.com/fr/products/n2183700/n2183700","fr","TRUE","TRUE","FALSE","","","SKU-style URL slug","N/A","TRUE"
"https://evidentscientific.com/fr/products/n2183800/n2183800","fr","TRUE","TRUE","FALSE","","","SKU-style URL slug","N/A","TRUE"
"https://evidentscientific.com/fr/products/n2183900/n2183900","fr","TRUE","TRUE","FALSE","","","SKU-style URL slug","N/A","TRUE"
"https://evidentscientific.com/fr/products/n2184000/n2184000","fr","TRUE","TRUE","FALSE","","","SKU-style URL slug","N/A","TRUE"
"https://evidentscientific.com/fr/products/n2190100/n2190100","fr","TRUE","TRUE","FALSE","","","SKU-style URL slug","N/A","TRUE"
"https://evidentscientific.com/fr/products/n2190200/n2190200","fr","TRUE","TRUE","FALSE","","","SKU-style URL slug","N/A","TRUE"
"https://evidentscientific.com/fr/products/n2190400/n2190400","fr","TRUE","TRUE","FALSE","","","SKU-style URL slug","N/A","TRUE"
"https://evidentscientific.com/fr/products/n2190900/n2190900","fr","TRUE","TRUE","FALSE","","","SKU-style URL slug","N/A","TRUE"
"https://evidentscientific.com/fr/products/n2191000/n2191000","fr","TRUE","TRUE","FALSE","","","SKU-style URL slug","N/A","TRUE"
"https://evidentscientific.com/fr/products/n2192400/n2192400","fr","TRUE","TRUE","FALSE","","","SKU-style URL slug","N/A","TRUE"
"https://evidentscientific.com/fr/products/n2194100/n2194100","fr","TRUE","TRUE","FALSE","","","SKU-style URL slug","N/A","TRUE"
"https://evidentscientific.com/fr/products/n2205200/n2205200","fr","TRUE","TRUE","FALSE","","","SKU-style URL slug","N/A","TRUE"
"https://evidentscientific.com/fr/products/n2215900/n2215900","fr","TRUE","TRUE","FALSE","","","SKU-style URL slug","N/A","TRUE"
"https://evidentscientific.com/fr/products/n2216000/n2216000","fr","TRUE","TRUE","FALSE","","","SKU-style URL slug","N/A","TRUE"
"https://evidentscientific.com/fr/products/n2216100/n2216100","fr","TRUE","TRUE","FALSE","","","SKU-style URL slug","N/A","TRUE"
"https://evidentscientific.com/fr/products/n2216300/n2216300","fr","TRUE","TRUE","FALSE","","","SKU-style URL slug","N/A","TRUE"
"https://evidentscientific.com/fr/products/n2246400/n2246400","fr","TRUE","TRUE","FALSE","","","SKU-style URL slug","N/A","TRUE"
"https://evidentscientific.com/fr/products/n2246500/n2246500","fr","TRUE","TRUE","FALSE","","","SKU-style URL slug","N/A","TRUE"
"https://evidentscientific.com/fr/products/n2246600/n2246600","fr","TRUE","TRUE","FALSE","","","SKU-style URL slug","N/A","TRUE"
"https://evidentscientific.com/fr/products/n2246700/n2246700","fr","TRUE","TRUE","FALSE","","","SKU-style URL slug","N/A","TRUE"
"https://evidentscientific.com/fr/products/n2249100/n2249100","fr","TRUE","TRUE","FALSE","","","SKU-style URL slug","N/A","TRUE"
"https://evidentscientific.com/fr/products/n2667500/n2667500","fr","TRUE","TRUE","FALSE","","","SKU-style URL slug","N/A","TRUE"
"https://evidentscientific.com/fr/products/n2667600/n2667600","fr","TRUE","TRUE","FALSE","","","SKU-style URL slug","N/A","TRUE"
"https://evidentscientific.com/fr/products/n2667700/n2667700","fr","TRUE","TRUE","FALSE","","","SKU-style URL slug","N/A","TRUE"
"https://evidentscientific.com/fr/products/n2667800/n2667800","fr","TRUE","TRUE","FALSE","","","SKU-style URL slug","N/A","TRUE"
"https://evidentscientific.com/fr/products/n2667900/n2667900","fr","TRUE","TRUE","FALSE","","","SKU-style URL slug","N/A","TRUE"
"https://evidentscientific.com/fr/products/n2678200/n2678200","fr","TRUE","TRUE","FALSE","","","SKU-style URL slug","N/A","TRUE"
"https://evidentscientific.com/fr/products/n2678300/n2678300","fr","TRUE","TRUE","FALSE","","","SKU-style URL slug","N/A","TRUE"
"https://evidentscientific.com/fr/products/n2678400/n2678400","fr","TRUE","TRUE","FALSE","","","SKU-style URL slug","N/A","TRUE"
"https://evidentscientific.com/fr/products/n2699300/n2699300","fr","TRUE","TRUE","FALSE","","","SKU-style URL slug","N/A","TRUE"
"https://evidentscientific.com/fr/products/n2699400/n2699400","fr","TRUE","TRUE","FALSE","","","SKU-style URL slug","N/A","TRUE"
"https://evidentscientific.com/fr/products/n2699600/n2699600","fr","TRUE","TRUE","FALSE","","","SKU-style URL slug","N/A","TRUE"
"https://evidentscientific.com/fr/products/n2709100/n2709100","fr","TRUE","TRUE","FALSE","","","SKU-style URL slug","N/A","TRUE"
"https://evidentscientific.com/fr/products/n2709300/n2709300","fr","TRUE","TRUE","FALSE","","","SKU-style URL slug","N/A","TRUE"
"https://evidentscientific.com/fr/products/n2709400/n2709400","fr","TRUE","TRUE","FALSE","","","SKU-style URL slug","N/A","TRUE"
"https://evidentscientific.com/fr/products/n2709500/n2709500","fr","TRUE","TRUE","FALSE","","","SKU-style URL slug","N/A","TRUE"
"https://evidentscientific.com/fr/products/n2709600/n2709600","fr","TRUE","TRUE","FALSE","","","SKU-style URL slug","N/A","TRUE"
"https://evidentscientific.com/fr/products/n2711800/n2711800","fr","TRUE","TRUE","FALSE","","","SKU-style URL slug","N/A","TRUE"
"https://evidentscientific.com/fr/products/n2711900/n2711900","fr","TRUE","TRUE","FALSE","","","SKU-style URL slug","N/A","TRUE"
"https://evidentscientific.com/fr/products/n2712000/n2712000","fr","TRUE","TRUE","FALSE","","","SKU-style URL slug","N/A","TRUE"
"https://evidentscientific.com/fr/products/n2712100/n2712100","fr","TRUE","TRUE","FALSE","","","SKU-style URL slug","N/A","TRUE"
"https://evidentscientific.com/fr/products/n2712300/n2712300","fr","TRUE","TRUE","FALSE","","","SKU-style URL slug","N/A","TRUE"
"https://evidentscientific.com/fr/products/n2712500/n2712500","fr","TRUE","TRUE","FALSE","","","SKU-style URL slug","N/A","TRUE"
"https://evidentscientific.com/fr/products/n2712600/n2712600","fr","TRUE","TRUE","FALSE","","","SKU-style URL slug","N/A","TRUE"
"https://evidentscientific.com/fr/products/n2712700/n2712700","fr","TRUE","TRUE","FALSE","","","SKU-style URL slug","N/A","TRUE"
"https://evidentscientific.com/fr/products/n2712800/n2712800","fr","TRUE","TRUE","FALSE","","","SKU-style URL slug","N/A","TRUE"
"https://evidentscientific.com/fr/products/n2712900/n2712900","fr","TRUE","TRUE","FALSE","","","SKU-style URL slug","N/A","TRUE"
"https://evidentscientific.com/fr/products/n2713000/n2713000","fr","TRUE","TRUE","FALSE","","","SKU-style URL slug","N/A","TRUE"
"https://evidentscientific.com/fr/products/n2713100/n2713100","fr","TRUE","TRUE","FALSE","","","SKU-style URL slug","N/A","TRUE"
"https://evidentscientific.com/fr/products/n2713200/n2713200","fr","TRUE","TRUE","FALSE","","","SKU-style URL slug","N/A","TRUE"
"https://evidentscientific.com/fr/products/n2713300/n2713300","fr","TRUE","TRUE","FALSE","","","SKU-style URL slug","N/A","TRUE"
"https://evidentscientific.com/fr/products/n2713400/n2713400","fr","TRUE","TRUE","FALSE","","","SKU-style URL slug","N/A","TRUE"
"https://evidentscientific.com/fr/products/n2713500/n2713500","fr","TRUE","TRUE","FALSE","","","SKU-style URL slug","N/A","TRUE"
"https://evidentscientific.com/fr/products/n2713600/n2713600","fr","TRUE","TRUE","FALSE","","","SKU-style URL slug","N/A","TRUE"
"https://evidentscientific.com/fr/products/n2713700/n2713700","fr","TRUE","TRUE","FALSE","","","SKU-style URL slug","N/A","TRUE"
"https://evidentscientific.com/fr/products/n2713800/n2713800","fr","TRUE","TRUE","FALSE","","","SKU-style URL slug","N/A","TRUE"
"https://evidentscientific.com/fr/products/n2738000/n2738000","fr","TRUE","TRUE","FALSE","","","SKU-style URL slug","N/A","TRUE"
"https://evidentscientific.com/fr/products/n2738700/n2738700","fr","TRUE","TRUE","FALSE","","","SKU-style URL slug","N/A","TRUE"
"https://evidentscientific.com/fr/products/n2738800/n2738800","fr","TRUE","TRUE","FALSE","","","SKU-style URL slug","N/A","TRUE"
"https://evidentscientific.com/fr/products/n2738900/n2738900","fr","TRUE","TRUE","FALSE","","","SKU-style URL slug","N/A","TRUE"
"https://evidentscientific.com/fr/products/n2739000/n2739000","fr","TRUE","TRUE","FALSE","","","SKU-style URL slug","N/A","TRUE"
"https://evidentscientific.com/fr/products/n2739100/n2739100","fr","TRUE","TRUE","FALSE","","","SKU-style URL slug","N/A","TRUE"
"https://evidentscientific.com/fr/products/n2750100/n2750100","fr","TRUE","TRUE","FALSE","","","SKU-style URL slug","N/A","TRUE"
"https://evidentscientific.com/fr/products/n2750300/n2750300","fr","TRUE","TRUE","FALSE","","","SKU-style URL slug","N/A","TRUE"
"https://evidentscientific.com/fr/products/n2756500/n2756500","fr","TRUE","TRUE","FALSE","","","SKU-style URL slug","N/A","TRUE"
"https://evidentscientific.com/fr/products/n2756600/n2756600","fr","TRUE","TRUE","FALSE","","","SKU-style URL slug","N/A","TRUE"
"https://evidentscientific.com/fr/products/n2757000/n2757000","fr","TRUE","TRUE","FALSE","","","SKU-style URL slug","N/A","TRUE"
"https://evidentscientific.com/fr/products/n2757400/n2757400","fr","TRUE","TRUE","FALSE","","","SKU-style URL slug","N/A","TRUE"
"https://evidentscientific.com/fr/products/n4212100/n4212100","fr","TRUE","TRUE","FALSE","","","SKU-style URL slug","N/A","TRUE"
"https://evidentscientific.com/fr/products/n4227000/n4227000","fr","TRUE","TRUE","FALSE","","","SKU-style URL slug","N/A","TRUE"
"https://evidentscientific.com/fr/products/n4235000/n4235000","fr","TRUE","TRUE","FALSE","","","SKU-style URL slug","N/A","TRUE"
"https://evidentscientific.com/fr/products/n4245300/n4245300","fr","TRUE","TRUE","FALSE","","","SKU-style URL slug","N/A","TRUE"
"https://evidentscientific.com/fr/products/n4245600/n4245600","fr","TRUE","TRUE","FALSE","","","SKU-style URL slug","N/A","TRUE"
"https://evidentscientific.com/fr/products/n4246000/n4246000","fr","TRUE","TRUE","FALSE","","","SKU-style URL slug","N/A","TRUE"
"https://evidentscientific.com/fr/products/n4246100/n4246100","fr","TRUE","TRUE","FALSE","","","SKU-style URL slug","N/A","TRUE"
"https://evidentscientific.com/fr/products/n4247500/n4247500","fr","TRUE","TRUE","FALSE","","","SKU-style URL slug","N/A","TRUE"
"https://evidentscientific.com/fr/products/n4247600/n4247600","fr","TRUE","TRUE","FALSE","","","SKU-style URL slug","N/A","TRUE"
"https://evidentscientific.com/fr/products/n4247700/n4247700","fr","TRUE","TRUE","FALSE","","","SKU-style URL slug","N/A","TRUE"
"https://evidentscientific.com/fr/products/n4248100/n4248100","fr","TRUE","TRUE","FALSE","","","SKU-style URL slug","N/A","TRUE"
"https://evidentscientific.com/fr/products/n4248400/n4248400","fr","TRUE","TRUE","FALSE","","","SKU-style URL slug","N/A","TRUE"
"https://evidentscientific.com/fr/products/n4257800/n4257800","fr","TRUE","TRUE","FALSE","","","SKU-style URL slug","N/A","TRUE"
"https://evidentscientific.com/fr/products/n4262300/n4262300","fr","TRUE","TRUE","FALSE","","","SKU-style URL slug","N/A","TRUE"
"https://evidentscientific.com/fr/products/n4273900/n4273900","fr","TRUE","TRUE","FALSE","","","SKU-style URL slug","N/A","TRUE"
"https://evidentscientific.com/fr/products/n4274000/n4274000","fr","TRUE","TRUE","FALSE","","","SKU-style URL slug","N/A","TRUE"
"https://evidentscientific.com/fr/products/n4274100/n4274100","fr","TRUE","TRUE","FALSE","","","SKU-style URL slug","N/A","TRUE"
"https://evidentscientific.com/fr/products/n5145300/n5145300","fr","TRUE","TRUE","FALSE","","","SKU-style URL slug","N/A","TRUE"
"https://evidentscientific.com/fr/products/n5165000/n5165000","fr","TRUE","TRUE","FALSE","","","SKU-style URL slug","N/A","TRUE"
"https://evidentscientific.com/fr/products/n5165100/n5165100","fr","TRUE","TRUE","FALSE","","","SKU-style URL slug","N/A","TRUE"
"https://evidentscientific.com/fr/products/n5165200/n5165200","fr","TRUE","TRUE","FALSE","","","SKU-style URL slug","N/A","TRUE"
"https://evidentscientific.com/fr/products/n5186100/n5186100","fr","TRUE","TRUE","FALSE","","","SKU-style URL slug","N/A","TRUE"
"https://evidentscientific.com/fr/products/n5186200/n5186200","fr","TRUE","TRUE","FALSE","","","SKU-style URL slug","N/A","TRUE"
"https://evidentscientific.com/fr/products/n5186300/n5186300","fr","TRUE","TRUE","FALSE","","","SKU-style URL slug","N/A","TRUE"
"https://evidentscientific.com/fr/products/n5186400/n5186400","fr","TRUE","TRUE","FALSE","","","SKU-style URL slug","N/A","TRUE"
"https://evidentscientific.com/fr/products/n5186500/n5186500","fr","TRUE","TRUE","FALSE","","","SKU-style URL slug","N/A","TRUE"
"https://evidentscientific.com/fr/products/n5202500/n5202500","fr","TRUE","TRUE","FALSE","","","SKU-style URL slug","N/A","TRUE"
"https://evidentscientific.com/fr/products/n5202600/n5202600","fr","TRUE","TRUE","FALSE","","","SKU-style URL slug","N/A","TRUE"
"https://evidentscientific.com/fr/products/n5202900/n5202900","fr","TRUE","TRUE","FALSE","","","SKU-style URL slug","N/A","TRUE"
"https://evidentscientific.com/fr/products/n5203000/n5203000","fr","TRUE","TRUE","FALSE","","","SKU-style URL slug","N/A","TRUE"
"https://evidentscientific.com/fr/products/n5203100/n5203100","fr","TRUE","TRUE","FALSE","","","SKU-style URL slug","N/A","TRUE"
"https://evidentscientific.com/fr/products/n5228400/n5228400","fr","TRUE","TRUE","FALSE","","","SKU-style URL slug","N/A","TRUE"
"https://evidentscientific.com/fr/products/n5228500/n5228500","fr","TRUE","TRUE","FALSE","","","SKU-style URL slug","N/A","TRUE"
"https://evidentscientific.com/fr/products/n5228800/n5228800","fr","TRUE","TRUE","FALSE","","","SKU-style URL slug","N/A","TRUE"
"https://evidentscientific.com/fr/products/n5228900/n5228900","fr","TRUE","TRUE","FALSE","","","SKU-style URL slug","N/A","TRUE"
"https://evidentscientific.com/fr/products/n5229200/n5229200","fr","TRUE","TRUE","FALSE","","","SKU-style URL slug","N/A","TRUE"
"https://evidentscientific.com/fr/products/n5232100/n5232100","fr","TRUE","TRUE","FALSE","","","SKU-style URL slug","N/A","TRUE"
"https://evidentscientific.com/fr/products/n5667800/n5667800","fr","TRUE","TRUE","FALSE","","","SKU-style URL slug","N/A","TRUE"
"https://evidentscientific.com/fr/products/n5669300/n5669300","fr","TRUE","TRUE","FALSE","","","SKU-style URL slug","N/A","TRUE"
"https://evidentscientific.com/fr/products/n5687100/n5687100","fr","TRUE","TRUE","FALSE","","","SKU-style URL slug","N/A","TRUE"
"https://evidentscientific.com/fr/products/n5687200/n5687200","fr","TRUE","TRUE","FALSE","","","SKU-style URL slug","N/A","TRUE"
"https://evidentscientific.com/fr/products/n5701600/n5701600","fr","TRUE","TRUE","FALSE","","","SKU-style URL slug","N/A","TRUE"
"https://evidentscientific.com/fr/products/n5701700/n5701700","fr","TRUE","TRUE","FALSE","","","SKU-style URL slug","N/A","TRUE"
"https://evidentscientific.com/fr/products/n5702700/n5702700","fr","TRUE","TRUE","FALSE","","","SKU-style URL slug","N/A","TRUE"
"https://evidentscientific.com/fr/products/n5703200/n5703200","fr","TRUE","TRUE","FALSE","","","SKU-style URL slug","N/A","TRUE"
"https://evidentscientific.com/fr/products/n5703300/n5703300","fr","TRUE","TRUE","FALSE","","","SKU-style URL slug","N/A","TRUE"
"https://evidentscientific.com/fr/products/n5703400/n5703400","fr","TRUE","TRUE","FALSE","","","SKU-style URL slug","N/A","TRUE"
"https://evidentscientific.com/fr/products/n5703500/n5703500","fr","TRUE","TRUE","FALSE","","","SKU-style URL slug","N/A","TRUE"
"https://evidentscientific.com/fr/products/n5703600/n5703600","fr","TRUE","TRUE","FALSE","","","SKU-style URL slug","N/A","TRUE"
"https://evidentscientific.com/fr/products/n5703700/n5703700","fr","TRUE","TRUE","FALSE","","","SKU-style URL slug","N/A","TRUE"
"https://evidentscientific.com/fr/products/n5703800/n5703800","fr","TRUE","TRUE","FALSE","","","SKU-style URL slug","N/A","TRUE"
"https://evidentscientific.com/fr/products/n5703900/n5703900","fr","TRUE","TRUE","FALSE","","","SKU-style URL slug","N/A","TRUE"
"https://evidentscientific.com/fr/products/n5704000/n5704000","fr","TRUE","TRUE","FALSE","","","SKU-style URL slug","N/A","TRUE"
"https://evidentscientific.com/fr/products/n5704700/n5704700","fr","TRUE","TRUE","FALSE","","","SKU-style URL slug","N/A","TRUE"
"https://evidentscientific.com/fr/products/n5743700/n5743700","fr","TRUE","TRUE","FALSE","","","SKU-style URL slug","N/A","TRUE"
"https://evidentscientific.com/fr/products/n5743800/n5743800","fr","TRUE","TRUE","FALSE","","","SKU-style URL slug","N/A","TRUE"
"https://evidentscientific.com/fr/products/n5743900/n5743900","fr","TRUE","TRUE","FALSE","","","SKU-style URL slug","N/A","TRUE"
"https://evidentscientific.com/fr/products/n5744000/n5744000","fr","TRUE","TRUE","FALSE","","","SKU-style URL slug","N/A","TRUE"
"https://evidentscientific.com/fr/products/n5744100/n5744100","fr","TRUE","TRUE","FALSE","","","SKU-style URL slug","N/A","TRUE"
"https://evidentscientific.com/fr/products/n5744200/n5744200","fr","TRUE","TRUE","FALSE","","","SKU-style URL slug","N/A","TRUE"
"https://evidentscientific.com/fr/products/n5744300/n5744300","fr","TRUE","TRUE","FALSE","","","SKU-style URL slug","N/A","TRUE"
"https://evidentscientific.com/fr/products/n5744400/n5744400","fr","TRUE","TRUE","FALSE","","","SKU-style URL slug","N/A","TRUE"
"https://evidentscientific.com/fr/products/n5744500/n5744500","fr","TRUE","TRUE","FALSE","","","SKU-style URL slug","N/A","TRUE"
"https://evidentscientific.com/fr/products/n5744600/n5744600","fr","TRUE","TRUE","FALSE","","","SKU-style URL slug","N/A","TRUE"
"https://evidentscientific.com/fr/products/n6389000/n6389000","fr","TRUE","TRUE","FALSE","","","SKU-style URL slug","N/A","TRUE"
"https://evidentscientific.com/fr/products/n6389100/n6389100","fr","TRUE","TRUE","FALSE","","","SKU-style URL slug","N/A","TRUE"
"https://evidentscientific.com/fr/products/n6389200/n6389200","fr","TRUE","TRUE","FALSE","","","SKU-style URL slug","N/A","TRUE"
"https://evidentscientific.com/fr/products/n6389300/n6389300","fr","TRUE","TRUE","FALSE","","","SKU-style URL slug","N/A","TRUE"
"https://evidentscientific.com/fr/products/n6389400/n6389400","fr","TRUE","TRUE","FALSE","","","SKU-style URL slug","N/A","TRUE"
"https://evidentscientific.com/fr/products/n6389500/n6389500","fr","TRUE","TRUE","FALSE","","","SKU-style URL slug","N/A","TRUE"
"https://evidentscientific.com/fr/products/n6389600/n6389600","fr","TRUE","TRUE","FALSE","","","SKU-style URL slug","N/A","TRUE"
"https://evidentscientific.com/fr/products/n6389700/n6389700","fr","TRUE","TRUE","FALSE","","","SKU-style URL slug","N/A","TRUE"
"https://evidentscientific.com/fr/products/n6432600/n6432600","fr","TRUE","TRUE","FALSE","","","SKU-style URL slug","N/A","TRUE"
"https://evidentscientific.com/fr/products/n6432700/n6432700","fr","TRUE","TRUE","FALSE","","","SKU-style URL slug","N/A","TRUE"
"https://evidentscientific.com/fr/products/n6432900/n6432900","fr","TRUE","TRUE","FALSE","","","SKU-style URL slug","N/A","TRUE"
"https://evidentscientific.com/fr/products/n6433000/n6433000","fr","TRUE","TRUE","FALSE","","","SKU-style URL slug","N/A","TRUE"
"https://evidentscientific.com/fr/products/n6433100/n6433100","fr","TRUE","TRUE","FALSE","","","SKU-style URL slug","N/A","TRUE"
"https://evidentscientific.com/fr/products/n6433200/n6433200","fr","TRUE","TRUE","FALSE","","","SKU-style URL slug","N/A","TRUE"
"https://evidentscientific.com/fr/products/n6433300/n6433300","fr","TRUE","TRUE","FALSE","","","SKU-style URL slug","N/A","TRUE"
"https://evidentscientific.com/fr/products/n6433400/n6433400","fr","TRUE","TRUE","FALSE","","","SKU-style URL slug","N/A","TRUE"
"https://evidentscientific.com/fr/products/n6433500/n6433500","fr","TRUE","TRUE","FALSE","","","SKU-style URL slug","N/A","TRUE"
"https://evidentscientific.com/fr/products/n6433600/n6433600","fr","TRUE","TRUE","FALSE","","","SKU-style URL slug","N/A","TRUE"
"https://evidentscientific.com/fr/products/n6433700/n6433700","fr","TRUE","TRUE","FALSE","","","SKU-style URL slug","N/A","TRUE"
"https://evidentscientific.com/fr/products/n6433800/n6433800","fr","TRUE","TRUE","FALSE","","","SKU-style URL slug","N/A","TRUE"
"https://evidentscientific.com/fr/products/n6444400/n6444400","fr","TRUE","TRUE","FALSE","","","SKU-style URL slug","N/A","TRUE"
"https://evidentscientific.com/fr/products/n6444500/n6444500","fr","TRUE","TRUE","FALSE","","","SKU-style URL slug","N/A","TRUE"
"https://evidentscientific.com/fr/products/n6444600/n6444600","fr","TRUE","TRUE","FALSE","","","SKU-style URL slug","N/A","TRUE"
"https://evidentscientific.com/fr/products/n6444700/n6444700","fr","TRUE","TRUE","FALSE","","","SKU-style URL slug","N/A","TRUE"
"https://evidentscientific.com/fr/products/n6444800/n6444800","fr","TRUE","TRUE","FALSE","","","SKU-style URL slug","N/A","TRUE"
"https://evidentscientific.com/fr/products/n6444900/n6444900","fr","TRUE","TRUE","FALSE","","","SKU-style URL slug","N/A","TRUE"
"https://evidentscientific.com/fr/products/n6445000/n6445000","fr","TRUE","TRUE","FALSE","","","SKU-style URL slug","N/A","TRUE"
"https://evidentscientific.com/fr/products/n6445100/n6445100","fr","TRUE","TRUE","FALSE","","","SKU-style URL slug","N/A","TRUE"
"https://evidentscientific.com/fr/products/n6445200/n6445200","fr","TRUE","TRUE","FALSE","","","SKU-style URL slug","N/A","TRUE"
"https://evidentscientific.com/fr/products/n6445300/n6445300","fr","TRUE","TRUE","FALSE","","","SKU-style URL slug","N/A","TRUE"
"https://evidentscientific.com/fr/products/n6445400/n6445400","fr","TRUE","TRUE","FALSE","","","SKU-style URL slug","N/A","TRUE"
"https://evidentscientific.com/fr/products/n6445500/n6445500","fr","TRUE","TRUE","FALSE","","","SKU-style URL slug","N/A","TRUE"
"https://evidentscientific.com/fr/products/n6445600/n6445600","fr","TRUE","TRUE","FALSE","","","SKU-style URL slug","N/A","TRUE"
"https://evidentscientific.com/fr/products/n6454300/n6454300","fr","TRUE","TRUE","FALSE","","","SKU-style URL slug","N/A","TRUE"
"https://evidentscientific.com/fr/products/n6454400/n6454400","fr","TRUE","TRUE","FALSE","","","SKU-style URL slug","N/A","TRUE"
"https://evidentscientific.com/fr/products/n6455600/n6455600","fr","TRUE","TRUE","FALSE","","","SKU-style URL slug","N/A","TRUE"
"https://evidentscientific.com/fr/products/n6455700/n6455700","fr","TRUE","TRUE","FALSE","","","SKU-style URL slug","N/A","TRUE"
"https://evidentscientific.com/fr/products/n6455800/n6455800","fr","TRUE","TRUE","FALSE","","","SKU-style URL slug","N/A","TRUE"
"https://evidentscientific.com/fr/products/o661175/o661175","fr","TRUE","TRUE","FALSE","","","SKU-style URL slug","N/A","TRUE"
"https://evidentscientific.com/fr/products/pln20xcy/pln20xcy","fr","TRUE","TRUE","FALSE","","","SKU-style URL slug","N/A","TRUE"
"https://evidentscientific.com/fr/products/pln4xcy/pln4xcy","fr","TRUE","TRUE","FALSE","","","SKU-style URL slug","N/A","TRUE"
"https://evidentscientific.com/fr/products/we108019/we108019","fr","TRUE","TRUE","FALSE","","","SKU-style URL slug","N/A","TRUE"
"https://evidentscientific.com/fr/products/we402458/we402458","fr","TRUE","TRUE","FALSE","","","SKU-style URL slug","N/A","TRUE"
"https://evidentscientific.com/it/products/1460500/1460500","it","TRUE","TRUE","FALSE","","","SKU-style URL slug","N/A","TRUE"
"https://evidentscientific.com/it/products/562445024/562445024","it","TRUE","TRUE","FALSE","","","SKU-style URL slug","N/A","TRUE"
"https://evidentscientific.com/it/products/562445135/562445135","it","TRUE","TRUE","FALSE","","","SKU-style URL slug","N/A","TRUE"
"https://evidentscientific.com/it/products/8000302/8000302","it","TRUE","TRUE","FALSE","","","SKU-style URL slug","N/A","TRUE"
"https://evidentscientific.com/it/products/a822482/a822482","it","TRUE","TRUE","FALSE","","","SKU-style URL slug","N/A","TRUE"
"https://evidentscientific.com/it/products/aq885201/aq885201","it","TRUE","TRUE","FALSE","","","SKU-style URL slug","N/A","TRUE"
"https://evidentscientific.com/it/products/as208300/as208300","it","TRUE","TRUE","FALSE","","","SKU-style URL slug","N/A","TRUE"
"https://evidentscientific.com/it/products/av776901/av776901","it","TRUE","TRUE","FALSE","","","SKU-style URL slug","N/A","TRUE"
"https://evidentscientific.com/it/products/av832300/av832300","it","TRUE","TRUE","FALSE","","","SKU-style URL slug","N/A","TRUE"
"https://evidentscientific.com/it/products/aw096401/aw096401","it","TRUE","TRUE","FALSE","","","SKU-style URL slug","N/A","TRUE"
"https://evidentscientific.com/it/products/aw700200/aw700200","it","TRUE","TRUE","FALSE","","","SKU-style URL slug","N/A","TRUE"
"https://evidentscientific.com/it/products/aw763200/aw763200","it","TRUE","TRUE","FALSE","","","SKU-style URL slug","N/A","TRUE"
"https://evidentscientific.com/it/products/aw776500/aw776500","it","TRUE","TRUE","FALSE","","","SKU-style URL slug","N/A","TRUE"
"https://evidentscientific.com/it/products/ax0001/ax0001","it","TRUE","TRUE","FALSE","","","SKU-style URL slug","N/A","TRUE"
"https://evidentscientific.com/it/products/ax0003/ax0003","it","TRUE","TRUE","FALSE","","","SKU-style URL slug","N/A","TRUE"
"https://evidentscientific.com/it/products/dk521600/dk521600","it","TRUE","TRUE","FALSE","","","SKU-style URL slug","N/A","TRUE"
"https://evidentscientific.com/it/products/dl405700/dl405700","it","TRUE","TRUE","FALSE","","","SKU-style URL slug","N/A","TRUE"
"https://evidentscientific.com/it/products/do141301/do141301","it","TRUE","TRUE","FALSE","","","SKU-style URL slug","N/A","TRUE"
"https://evidentscientific.com/it/products/e0435882/e0435882","it","TRUE","TRUE","FALSE","","","SKU-style URL slug","N/A","TRUE"
"https://evidentscientific.com/it/products/e9700719/e9700719","it","TRUE","TRUE","FALSE","","","SKU-style URL slug","N/A","TRUE"
"https://evidentscientific.com/it/products/e9701557/e9701557","it","TRUE","TRUE","FALSE","","","SKU-style URL slug","N/A","TRUE"
"https://evidentscientific.com/it/products/e9701714/e9701714","it","TRUE","TRUE","FALSE","","","SKU-style URL slug","N/A","TRUE"
"https://evidentscientific.com/it/products/e9701832/e9701832","it","TRUE","TRUE","FALSE","","","SKU-style URL slug","N/A","TRUE"
"https://evidentscientific.com/it/products/e9701883/e9701883","it","TRUE","TRUE","FALSE","","","SKU-style URL slug","N/A","TRUE"
"https://evidentscientific.com/it/products/ja768201/ja768201","it","TRUE","TRUE","FALSE","","","SKU-style URL slug","N/A","TRUE"
"https://evidentscientific.com/it/products/jb428302/jb428302","it","TRUE","TRUE","FALSE","","","SKU-style URL slug","N/A","TRUE"
"https://evidentscientific.com/it/products/jb901600/jb901600","it","TRUE","TRUE","FALSE","","","SKU-style URL slug","N/A","TRUE"
"https://evidentscientific.com/it/products/jb952600/jb952600","it","TRUE","TRUE","FALSE","","","SKU-style URL slug","N/A","TRUE"
"https://evidentscientific.com/it/products/jd003700/jd003700","it","TRUE","TRUE","FALSE","","","SKU-style URL slug","N/A","TRUE"
"https://evidentscientific.com/it/products/jd022600/jd022600","it","TRUE","TRUE","FALSE","","","SKU-style URL slug","N/A","TRUE"
"https://evidentscientific.com/it/products/jd040800/jd040800","it","TRUE","TRUE","FALSE","","","SKU-style URL slug","N/A","TRUE"
"https://evidentscientific.com/it/products/ju552600/ju552600","it","TRUE","TRUE","FALSE","","","SKU-style URL slug","N/A","TRUE"
"https://evidentscientific.com/it/products/jw119700/jw119700","it","TRUE","TRUE","FALSE","","","SKU-style URL slug","N/A","TRUE"
"https://evidentscientific.com/it/products/jw121600/jw121600","it","TRUE","TRUE","FALSE","","","SKU-style URL slug","N/A","TRUE"
"https://evidentscientific.com/it/products/jw126000/jw126000","it","TRUE","TRUE","FALSE","","","SKU-style URL slug","N/A","TRUE"
"https://evidentscientific.com/it/products/jw135100/jw135100","it","TRUE","TRUE","FALSE","","","SKU-style URL slug","N/A","TRUE"
"https://evidentscientific.com/it/products/jw140800/jw140800","it","TRUE","TRUE","FALSE","","","SKU-style URL slug","N/A","TRUE"
"https://evidentscientific.com/it/products/jw149300/jw149300","it","TRUE","TRUE","FALSE","","","SKU-style URL slug","N/A","TRUE"
"https://evidentscientific.com/it/products/jw499400/jw499400","it","TRUE","TRUE","FALSE","","","SKU-style URL slug","N/A","TRUE"
"https://evidentscientific.com/it/products/jy418900/jy418900","it","TRUE","TRUE","FALSE","","","SKU-style URL slug","N/A","TRUE"
"https://evidentscientific.com/it/products/n1129900/n1129900","it","TRUE","TRUE","FALSE","","","SKU-style URL slug","N/A","TRUE"
"https://evidentscientific.com/it/products/n1130000/n1130000","it","TRUE","TRUE","FALSE","","","SKU-style URL slug","N/A","TRUE"
"https://evidentscientific.com/it/products/n1153000/n1153000","it","TRUE","TRUE","FALSE","","","SKU-style URL slug","N/A","TRUE"
"https://evidentscientific.com/it/products/n1157500/n1157500","it","TRUE","TRUE","FALSE","","","SKU-style URL slug","N/A","TRUE"
"https://evidentscientific.com/it/products/n1198000/n1198000","it","TRUE","TRUE","FALSE","","","SKU-style URL slug","N/A","TRUE"
"https://evidentscientific.com/it/products/n1198100/n1198100","it","TRUE","TRUE","FALSE","","","SKU-style URL slug","N/A","TRUE"
"https://evidentscientific.com/it/products/n1198200/n1198200","it","TRUE","TRUE","FALSE","","","SKU-style URL slug","N/A","TRUE"
"https://evidentscientific.com/it/products/n1198300/n1198300","it","TRUE","TRUE","FALSE","","","SKU-style URL slug","N/A","TRUE"
"https://evidentscientific.com/it/products/n1199900/n1199900","it","TRUE","TRUE","FALSE","","","SKU-style URL slug","N/A","TRUE"
"https://evidentscientific.com/it/products/n1200000/n1200000","it","TRUE","TRUE","FALSE","","","SKU-style URL slug","N/A","TRUE"
"https://evidentscientific.com/it/products/n1200600/n1200600","it","TRUE","TRUE","FALSE","","","SKU-style URL slug","N/A","TRUE"
"https://evidentscientific.com/it/products/n1215800/n1215800","it","TRUE","TRUE","FALSE","","","SKU-style URL slug","N/A","TRUE"
"https://evidentscientific.com/it/products/n1216500/n1216500","it","TRUE","TRUE","FALSE","","","SKU-style URL slug","N/A","TRUE"
"https://evidentscientific.com/it/products/n1220900/n1220900","it","TRUE","TRUE","FALSE","","","SKU-style URL slug","N/A","TRUE"
"https://evidentscientific.com/it/products/n1221000/n1221000","it","TRUE","TRUE","FALSE","","","SKU-style URL slug","N/A","TRUE"
"https://evidentscientific.com/it/products/n1221200/n1221200","it","TRUE","TRUE","FALSE","","","SKU-style URL slug","N/A","TRUE"
"https://evidentscientific.com/it/products/n1468400/n1468400","it","TRUE","TRUE","FALSE","","","SKU-style URL slug","N/A","TRUE"
"https://evidentscientific.com/it/products/n1480000/n1480000","it","TRUE","TRUE","FALSE","","","SKU-style URL slug","N/A","TRUE"
"https://evidentscientific.com/it/products/n1480100/n1480100","it","TRUE","TRUE","FALSE","","","SKU-style URL slug","N/A","TRUE"
"https://evidentscientific.com/it/products/n1480200/n1480200","it","TRUE","TRUE","FALSE","","","SKU-style URL slug","N/A","TRUE"
"https://evidentscientific.com/it/products/n1480300/n1480300","it","TRUE","TRUE","FALSE","","","SKU-style URL slug","N/A","TRUE"
"https://evidentscientific.com/it/products/n1480500/n1480500","it","TRUE","TRUE","FALSE","","","SKU-style URL slug","N/A","TRUE"
"https://evidentscientific.com/it/products/n1480700/n1480700","it","TRUE","TRUE","FALSE","","","SKU-style URL slug","N/A","TRUE"
"https://evidentscientific.com/it/products/n1480800/n1480800","it","TRUE","TRUE","FALSE","","","SKU-style URL slug","N/A","TRUE"
"https://evidentscientific.com/it/products/n1480900/n1480900","it","TRUE","TRUE","FALSE","","","SKU-style URL slug","N/A","TRUE"
"https://evidentscientific.com/it/products/n1489500/n1489500","it","TRUE","TRUE","FALSE","","","SKU-style URL slug","N/A","TRUE"
"https://evidentscientific.com/it/products/n1491600/n1491600","it","TRUE","TRUE","FALSE","","","SKU-style URL slug","N/A","TRUE"
"https://evidentscientific.com/it/products/n1507300/n1507300","it","TRUE","TRUE","FALSE","","","SKU-style URL slug","N/A","TRUE"
"https://evidentscientific.com/it/products/n1507400/n1507400","it","TRUE","TRUE","FALSE","","","SKU-style URL slug","N/A","TRUE"
"https://evidentscientific.com/it/products/n1507600/n1507600","it","TRUE","TRUE","FALSE","","","SKU-style URL slug","N/A","TRUE"
"https://evidentscientific.com/it/products/n1507800/n1507800","it","TRUE","TRUE","FALSE","","","SKU-style URL slug","N/A","TRUE"
"https://evidentscientific.com/it/products/n1507900/n1507900","it","TRUE","TRUE","FALSE","","","SKU-style URL slug","N/A","TRUE"
"https://evidentscientific.com/it/products/n1510600/n1510600","it","TRUE","TRUE","FALSE","","","SKU-style URL slug","N/A","TRUE"
"https://evidentscientific.com/it/products/n1510900/n1510900","it","TRUE","TRUE","FALSE","","","SKU-style URL slug","N/A","TRUE"
"https://evidentscientific.com/it/products/n1511000/n1511000","it","TRUE","TRUE","FALSE","","","SKU-style URL slug","N/A","TRUE"
"https://evidentscientific.com/it/products/n1511200/n1511200","it","TRUE","TRUE","FALSE","","","SKU-style URL slug","N/A","TRUE"
"https://evidentscientific.com/it/products/n1511300/n1511300","it","TRUE","TRUE","FALSE","","","SKU-style URL slug","N/A","TRUE"
"https://evidentscientific.com/it/products/n1561400/n1561400","it","TRUE","TRUE","FALSE","","","SKU-style URL slug","N/A","TRUE"
"https://evidentscientific.com/it/products/n1977500/n1977500","it","TRUE","TRUE","FALSE","","","SKU-style URL slug","N/A","TRUE"
"https://evidentscientific.com/it/products/n1977800/n1977800","it","TRUE","TRUE","FALSE","","","SKU-style URL slug","N/A","TRUE"
"https://evidentscientific.com/it/products/n1977900/n1977900","it","TRUE","TRUE","FALSE","","","SKU-style URL slug","N/A","TRUE"
"https://evidentscientific.com/it/products/n1978100/n1978100","it","TRUE","TRUE","FALSE","","","SKU-style URL slug","N/A","TRUE"
"https://evidentscientific.com/it/products/n1978300/n1978300","it","TRUE","TRUE","FALSE","","","SKU-style URL slug","N/A","TRUE"
"https://evidentscientific.com/it/products/n1978400/n1978400","it","TRUE","TRUE","FALSE","","","SKU-style URL slug","N/A","TRUE"
"https://evidentscientific.com/it/products/n1979600/n1979600","it","TRUE","TRUE","FALSE","","","SKU-style URL slug","N/A","TRUE"
"https://evidentscientific.com/it/products/n2165400/n2165400","it","TRUE","TRUE","FALSE","","","SKU-style URL slug","N/A","TRUE"
"https://evidentscientific.com/it/products/n2165600/n2165600","it","TRUE","TRUE","FALSE","","","SKU-style URL slug","N/A","TRUE"
"https://evidentscientific.com/it/products/n2178900/n2178900","it","TRUE","TRUE","FALSE","","","SKU-style URL slug","N/A","TRUE"
"https://evidentscientific.com/it/products/n2181000/n2181000","it","TRUE","TRUE","FALSE","","","SKU-style URL slug","N/A","TRUE"
"https://evidentscientific.com/it/products/n2181100/n2181100","it","TRUE","TRUE","FALSE","","","SKU-style URL slug","N/A","TRUE"
"https://evidentscientific.com/it/products/n2181200/n2181200","it","TRUE","TRUE","FALSE","","","SKU-style URL slug","N/A","TRUE"
"https://evidentscientific.com/it/products/n2181300/n2181300","it","TRUE","TRUE","FALSE","","","SKU-style URL slug","N/A","TRUE"
"https://evidentscientific.com/it/products/n2181400/n2181400","it","TRUE","TRUE","FALSE","","","SKU-style URL slug","N/A","TRUE"
"https://evidentscientific.com/it/products/n2181800/n2181800","it","TRUE","TRUE","FALSE","","","SKU-style URL slug","N/A","TRUE"
"https://evidentscientific.com/it/products/n2181900/n2181900","it","TRUE","TRUE","FALSE","","","SKU-style URL slug","N/A","TRUE"
"https://evidentscientific.com/it/products/n2182300/n2182300","it","TRUE","TRUE","FALSE","","","SKU-style URL slug","N/A","TRUE"
"https://evidentscientific.com/it/products/n2182400/n2182400","it","TRUE","TRUE","FALSE","","","SKU-style URL slug","N/A","TRUE"
"https://evidentscientific.com/it/products/n2182500/n2182500","it","TRUE","TRUE","FALSE","","","SKU-style URL slug","N/A","TRUE"
"https://evidentscientific.com/it/products/n2182900/n2182900","it","TRUE","TRUE","FALSE","","","SKU-style URL slug","N/A","TRUE"
"https://evidentscientific.com/it/products/n2183000/n2183000","it","TRUE","TRUE","FALSE","","","SKU-style URL slug","N/A","TRUE"
"https://evidentscientific.com/it/products/n2183100/n2183100","it","TRUE","TRUE","FALSE","","","SKU-style URL slug","N/A","TRUE"
"https://evidentscientific.com/it/products/n2183200/n2183200","it","TRUE","TRUE","FALSE","","","SKU-style URL slug","N/A","TRUE"
"https://evidentscientific.com/it/products/n2183300/n2183300","it","TRUE","TRUE","FALSE","","","SKU-style URL slug","N/A","TRUE"
"https://evidentscientific.com/it/products/n2183400/n2183400","it","TRUE","TRUE","FALSE","","","SKU-style URL slug","N/A","TRUE"
"https://evidentscientific.com/it/products/n2183500/n2183500","it","TRUE","TRUE","FALSE","","","SKU-style URL slug","N/A","TRUE"
"https://evidentscientific.com/it/products/n2183600/n2183600","it","TRUE","TRUE","FALSE","","","SKU-style URL slug","N/A","TRUE"
"https://evidentscientific.com/it/products/n2183700/n2183700","it","TRUE","TRUE","FALSE","","","SKU-style URL slug","N/A","TRUE"
"https://evidentscientific.com/it/products/n2183800/n2183800","it","TRUE","TRUE","FALSE","","","SKU-style URL slug","N/A","TRUE"
"https://evidentscientific.com/it/products/n2183900/n2183900","it","TRUE","TRUE","FALSE","","","SKU-style URL slug","N/A","TRUE"
"https://evidentscientific.com/it/products/n2184000/n2184000","it","TRUE","TRUE","FALSE","","","SKU-style URL slug","N/A","TRUE"
"https://evidentscientific.com/it/products/n2190100/n2190100","it","TRUE","TRUE","FALSE","","","SKU-style URL slug","N/A","TRUE"
"https://evidentscientific.com/it/products/n2190200/n2190200","it","TRUE","TRUE","FALSE","","","SKU-style URL slug","N/A","TRUE"
"https://evidentscientific.com/it/products/n2190400/n2190400","it","TRUE","TRUE","FALSE","","","SKU-style URL slug","N/A","TRUE"
"https://evidentscientific.com/it/products/n2190900/n2190900","it","TRUE","TRUE","FALSE","","","SKU-style URL slug","N/A","TRUE"
"https://evidentscientific.com/it/products/n2191000/n2191000","it","TRUE","TRUE","FALSE","","","SKU-style URL slug","N/A","TRUE"
"https://evidentscientific.com/it/products/n2192400/n2192400","it","TRUE","TRUE","FALSE","","","SKU-style URL slug","N/A","TRUE"
"https://evidentscientific.com/it/products/n2194100/n2194100","it","TRUE","TRUE","FALSE","","","SKU-style URL slug","N/A","TRUE"
"https://evidentscientific.com/it/products/n2205200/n2205200","it","TRUE","TRUE","FALSE","","","SKU-style URL slug","N/A","TRUE"
"https://evidentscientific.com/it/products/n2215900/n2215900","it","TRUE","TRUE","FALSE","","","SKU-style URL slug","N/A","TRUE"
"https://evidentscientific.com/it/products/n2216000/n2216000","it","TRUE","TRUE","FALSE","","","SKU-style URL slug","N/A","TRUE"
"https://evidentscientific.com/it/products/n2216100/n2216100","it","TRUE","TRUE","FALSE","","","SKU-style URL slug","N/A","TRUE"
"https://evidentscientific.com/it/products/n2216300/n2216300","it","TRUE","TRUE","FALSE","","","SKU-style URL slug","N/A","TRUE"
"https://evidentscientific.com/it/products/n2246400/n2246400","it","TRUE","TRUE","FALSE","","","SKU-style URL slug","N/A","TRUE"
"https://evidentscientific.com/it/products/n2246500/n2246500","it","TRUE","TRUE","FALSE","","","SKU-style URL slug","N/A","TRUE"
"https://evidentscientific.com/it/products/n2246600/n2246600","it","TRUE","TRUE","FALSE","","","SKU-style URL slug","N/A","TRUE"
"https://evidentscientific.com/it/products/n2246700/n2246700","it","TRUE","TRUE","FALSE","","","SKU-style URL slug","N/A","TRUE"
"https://evidentscientific.com/it/products/n2249100/n2249100","it","TRUE","TRUE","FALSE","","","SKU-style URL slug","N/A","TRUE"
"https://evidentscientific.com/it/products/n2667500/n2667500","it","TRUE","TRUE","FALSE","","","SKU-style URL slug","N/A","TRUE"
"https://evidentscientific.com/it/products/n2667600/n2667600","it","TRUE","TRUE","FALSE","","","SKU-style URL slug","N/A","TRUE"
"https://evidentscientific.com/it/products/n2667700/n2667700","it","TRUE","TRUE","FALSE","","","SKU-style URL slug","N/A","TRUE"
"https://evidentscientific.com/it/products/n2667800/n2667800","it","TRUE","TRUE","FALSE","","","SKU-style URL slug","N/A","TRUE"
"https://evidentscientific.com/it/products/n2667900/n2667900","it","TRUE","TRUE","FALSE","","","SKU-style URL slug","N/A","TRUE"
"https://evidentscientific.com/it/products/n2678200/n2678200","it","TRUE","TRUE","FALSE","","","SKU-style URL slug","N/A","TRUE"
"https://evidentscientific.com/it/products/n2678300/n2678300","it","TRUE","TRUE","FALSE","","","SKU-style URL slug","N/A","TRUE"
"https://evidentscientific.com/it/products/n2678400/n2678400","it","TRUE","TRUE","FALSE","","","SKU-style URL slug","N/A","TRUE"
"https://evidentscientific.com/it/products/n2699300/n2699300","it","TRUE","TRUE","FALSE","","","SKU-style URL slug","N/A","TRUE"
"https://evidentscientific.com/it/products/n2699400/n2699400","it","TRUE","TRUE","FALSE","","","SKU-style URL slug","N/A","TRUE"
"https://evidentscientific.com/it/products/n2699600/n2699600","it","TRUE","TRUE","FALSE","","","SKU-style URL slug","N/A","TRUE"
"https://evidentscientific.com/it/products/n2709100/n2709100","it","TRUE","TRUE","FALSE","","","SKU-style URL slug","N/A","TRUE"
"https://evidentscientific.com/it/products/n2709300/n2709300","it","TRUE","TRUE","FALSE","","","SKU-style URL slug","N/A","TRUE"
"https://evidentscientific.com/it/products/n2709400/n2709400","it","TRUE","TRUE","FALSE","","","SKU-style URL slug","N/A","TRUE"
"https://evidentscientific.com/it/products/n2709500/n2709500","it","TRUE","TRUE","FALSE","","","SKU-style URL slug","N/A","TRUE"
"https://evidentscientific.com/it/products/n2709600/n2709600","it","TRUE","TRUE","FALSE","","","SKU-style URL slug","N/A","TRUE"
"https://evidentscientific.com/it/products/n2711800/n2711800","it","TRUE","TRUE","FALSE","","","SKU-style URL slug","N/A","TRUE"
"https://evidentscientific.com/it/products/n2711900/n2711900","it","TRUE","TRUE","FALSE","","","SKU-style URL slug","N/A","TRUE"
"https://evidentscientific.com/it/products/n2712000/n2712000","it","TRUE","TRUE","FALSE","","","SKU-style URL slug","N/A","TRUE"
"https://evidentscientific.com/it/products/n2712100/n2712100","it","TRUE","TRUE","FALSE","","","SKU-style URL slug","N/A","TRUE"
"https://evidentscientific.com/it/products/n2712300/n2712300","it","TRUE","TRUE","FALSE","","","SKU-style URL slug","N/A","TRUE"
"https://evidentscientific.com/it/products/n2712500/n2712500","it","TRUE","TRUE","FALSE","","","SKU-style URL slug","N/A","TRUE"
"https://evidentscientific.com/it/products/n2712600/n2712600","it","TRUE","TRUE","FALSE","","","SKU-style URL slug","N/A","TRUE"
"https://evidentscientific.com/it/products/n2712700/n2712700","it","TRUE","TRUE","FALSE","","","SKU-style URL slug","N/A","TRUE"
"https://evidentscientific.com/it/products/n2712800/n2712800","it","TRUE","TRUE","FALSE","","","SKU-style URL slug","N/A","TRUE"
"https://evidentscientific.com/it/products/n2712900/n2712900","it","TRUE","TRUE","FALSE","","","SKU-style URL slug","N/A","TRUE"
"https://evidentscientific.com/it/products/n2713000/n2713000","it","TRUE","TRUE","FALSE","","","SKU-style URL slug","N/A","TRUE"
"https://evidentscientific.com/it/products/n2713100/n2713100","it","TRUE","TRUE","FALSE","","","SKU-style URL slug","N/A","TRUE"
"https://evidentscientific.com/it/products/n2713200/n2713200","it","TRUE","TRUE","FALSE","","","SKU-style URL slug","N/A","TRUE"
"https://evidentscientific.com/it/products/n2713300/n2713300","it","TRUE","TRUE","FALSE","","","SKU-style URL slug","N/A","TRUE"
"https://evidentscientific.com/it/products/n2713400/n2713400","it","TRUE","TRUE","FALSE","","","SKU-style URL slug","N/A","TRUE"
"https://evidentscientific.com/it/products/n2713500/n2713500","it","TRUE","TRUE","FALSE","","","SKU-style URL slug","N/A","TRUE"
"https://evidentscientific.com/it/products/n2713600/n2713600","it","TRUE","TRUE","FALSE","","","SKU-style URL slug","N/A","TRUE"
"https://evidentscientific.com/it/products/n2713700/n2713700","it","TRUE","TRUE","FALSE","","","SKU-style URL slug","N/A","TRUE"
"https://evidentscientific.com/it/products/n2713800/n2713800","it","TRUE","TRUE","FALSE","","","SKU-style URL slug","N/A","TRUE"
"https://evidentscientific.com/it/products/n2738000/n2738000","it","TRUE","TRUE","FALSE","","","SKU-style URL slug","N/A","TRUE"
"https://evidentscientific.com/it/products/n2738700/n2738700","it","TRUE","TRUE","FALSE","","","SKU-style URL slug","N/A","TRUE"
"https://evidentscientific.com/it/products/n2738800/n2738800","it","TRUE","TRUE","FALSE","","","SKU-style URL slug","N/A","TRUE"
"https://evidentscientific.com/it/products/n2738900/n2738900","it","TRUE","TRUE","FALSE","","","SKU-style URL slug","N/A","TRUE"
"https://evidentscientific.com/it/products/n2739000/n2739000","it","TRUE","TRUE","FALSE","","","SKU-style URL slug","N/A","TRUE"
"https://evidentscientific.com/it/products/n2739100/n2739100","it","TRUE","TRUE","FALSE","","","SKU-style URL slug","N/A","TRUE"
"https://evidentscientific.com/it/products/n2750100/n2750100","it","TRUE","TRUE","FALSE","","","SKU-style URL slug","N/A","TRUE"
"https://evidentscientific.com/it/products/n2750300/n2750300","it","TRUE","TRUE","FALSE","","","SKU-style URL slug","N/A","TRUE"
"https://evidentscientific.com/it/products/n2756500/n2756500","it","TRUE","TRUE","FALSE","","","SKU-style URL slug","N/A","TRUE"
"https://evidentscientific.com/it/products/n2756600/n2756600","it","TRUE","TRUE","FALSE","","","SKU-style URL slug","N/A","TRUE"
"https://evidentscientific.com/it/products/n2757000/n2757000","it","TRUE","TRUE","FALSE","","","SKU-style URL slug","N/A","TRUE"
"https://evidentscientific.com/it/products/n2757400/n2757400","it","TRUE","TRUE","FALSE","","","SKU-style URL slug","N/A","TRUE"
"https://evidentscientific.com/it/products/n4212100/n4212100","it","TRUE","TRUE","FALSE","","","SKU-style URL slug","N/A","TRUE"
"https://evidentscientific.com/it/products/n4227000/n4227000","it","TRUE","TRUE","FALSE","","","SKU-style URL slug","N/A","TRUE"
"https://evidentscientific.com/it/products/n4235000/n4235000","it","TRUE","TRUE","FALSE","","","SKU-style URL slug","N/A","TRUE"
"https://evidentscientific.com/it/products/n4245300/n4245300","it","TRUE","TRUE","FALSE","","","SKU-style URL slug","N/A","TRUE"
"https://evidentscientific.com/it/products/n4245600/n4245600","it","TRUE","TRUE","FALSE","","","SKU-style URL slug","N/A","TRUE"
"https://evidentscientific.com/it/products/n4246000/n4246000","it","TRUE","TRUE","FALSE","","","SKU-style URL slug","N/A","TRUE"
"https://evidentscientific.com/it/products/n4246100/n4246100","it","TRUE","TRUE","FALSE","","","SKU-style URL slug","N/A","TRUE"
"https://evidentscientific.com/it/products/n4247500/n4247500","it","TRUE","TRUE","FALSE","","","SKU-style URL slug","N/A","TRUE"
"https://evidentscientific.com/it/products/n4247600/n4247600","it","TRUE","TRUE","FALSE","","","SKU-style URL slug","N/A","TRUE"
"https://evidentscientific.com/it/products/n4247700/n4247700","it","TRUE","TRUE","FALSE","","","SKU-style URL slug","N/A","TRUE"
"https://evidentscientific.com/it/products/n4248100/n4248100","it","TRUE","TRUE","FALSE","","","SKU-style URL slug","N/A","TRUE"
"https://evidentscientific.com/it/products/n4248400/n4248400","it","TRUE","TRUE","FALSE","","","SKU-style URL slug","N/A","TRUE"
"https://evidentscientific.com/it/products/n4257800/n4257800","it","TRUE","TRUE","FALSE","","","SKU-style URL slug","N/A","TRUE"
"https://evidentscientific.com/it/products/n4262300/n4262300","it","TRUE","TRUE","FALSE","","","SKU-style URL slug","N/A","TRUE"
"https://evidentscientific.com/it/products/n4273900/n4273900","it","TRUE","TRUE","FALSE","","","SKU-style URL slug","N/A","TRUE"
"https://evidentscientific.com/it/products/n4274000/n4274000","it","TRUE","TRUE","FALSE","","","SKU-style URL slug","N/A","TRUE"
"https://evidentscientific.com/it/products/n4274100/n4274100","it","TRUE","TRUE","FALSE","","","SKU-style URL slug","N/A","TRUE"
"https://evidentscientific.com/it/products/n5145300/n5145300","it","TRUE","TRUE","FALSE","","","SKU-style URL slug","N/A","TRUE"
"https://evidentscientific.com/it/products/n5165000/n5165000","it","TRUE","TRUE","FALSE","","","SKU-style URL slug","N/A","TRUE"
"https://evidentscientific.com/it/products/n5165100/n5165100","it","TRUE","TRUE","FALSE","","","SKU-style URL slug","N/A","TRUE"
"https://evidentscientific.com/it/products/n5165200/n5165200","it","TRUE","TRUE","FALSE","","","SKU-style URL slug","N/A","TRUE"
"https://evidentscientific.com/it/products/n5186100/n5186100","it","TRUE","TRUE","FALSE","","","SKU-style URL slug","N/A","TRUE"
"https://evidentscientific.com/it/products/n5186200/n5186200","it","TRUE","TRUE","FALSE","","","SKU-style URL slug","N/A","TRUE"
"https://evidentscientific.com/it/products/n5186300/n5186300","it","TRUE","TRUE","FALSE","","","SKU-style URL slug","N/A","TRUE"
"https://evidentscientific.com/it/products/n5186400/n5186400","it","TRUE","TRUE","FALSE","","","SKU-style URL slug","N/A","TRUE"
"https://evidentscientific.com/it/products/n5186500/n5186500","it","TRUE","TRUE","FALSE","","","SKU-style URL slug","N/A","TRUE"
"https://evidentscientific.com/it/products/n5202500/n5202500","it","TRUE","TRUE","FALSE","","","SKU-style URL slug","N/A","TRUE"
"https://evidentscientific.com/it/products/n5202600/n5202600","it","TRUE","TRUE","FALSE","","","SKU-style URL slug","N/A","TRUE"
"https://evidentscientific.com/it/products/n5202900/n5202900","it","TRUE","TRUE","FALSE","","","SKU-style URL slug","N/A","TRUE"
"https://evidentscientific.com/it/products/n5203000/n5203000","it","TRUE","TRUE","FALSE","","","SKU-style URL slug","N/A","TRUE"
"https://evidentscientific.com/it/products/n5203100/n5203100","it","TRUE","TRUE","FALSE","","","SKU-style URL slug","N/A","TRUE"
"https://evidentscientific.com/it/products/n5228400/n5228400","it","TRUE","TRUE","FALSE","","","SKU-style URL slug","N/A","TRUE"
"https://evidentscientific.com/it/products/n5228500/n5228500","it","TRUE","TRUE","FALSE","","","SKU-style URL slug","N/A","TRUE"
"https://evidentscientific.com/it/products/n5228800/n5228800","it","TRUE","TRUE","FALSE","","","SKU-style URL slug","N/A","TRUE"
"https://evidentscientific.com/it/products/n5228900/n5228900","it","TRUE","TRUE","FALSE","","","SKU-style URL slug","N/A","TRUE"
"https://evidentscientific.com/it/products/n5229200/n5229200","it","TRUE","TRUE","FALSE","","","SKU-style URL slug","N/A","TRUE"
"https://evidentscientific.com/it/products/n5232100/n5232100","it","TRUE","TRUE","FALSE","","","SKU-style URL slug","N/A","TRUE"
"https://evidentscientific.com/it/products/n5667800/n5667800","it","TRUE","TRUE","FALSE","","","SKU-style URL slug","N/A","TRUE"
"https://evidentscientific.com/it/products/n5669300/n5669300","it","TRUE","TRUE","FALSE","","","SKU-style URL slug","N/A","TRUE"
"https://evidentscientific.com/it/products/n5687100/n5687100","it","TRUE","TRUE","FALSE","","","SKU-style URL slug","N/A","TRUE"
"https://evidentscientific.com/it/products/n5687200/n5687200","it","TRUE","TRUE","FALSE","","","SKU-style URL slug","N/A","TRUE"
"https://evidentscientific.com/it/products/n5701600/n5701600","it","TRUE","TRUE","FALSE","","","SKU-style URL slug","N/A","TRUE"
"https://evidentscientific.com/it/products/n5701700/n5701700","it","TRUE","TRUE","FALSE","","","SKU-style URL slug","N/A","TRUE"
"https://evidentscientific.com/it/products/n5702700/n5702700","it","TRUE","TRUE","FALSE","","","SKU-style URL slug","N/A","TRUE"
"https://evidentscientific.com/it/products/n5703200/n5703200","it","TRUE","TRUE","FALSE","","","SKU-style URL slug","N/A","TRUE"
"https://evidentscientific.com/it/products/n5703300/n5703300","it","TRUE","TRUE","FALSE","","","SKU-style URL slug","N/A","TRUE"
"https://evidentscientific.com/it/products/n5703400/n5703400","it","TRUE","TRUE","FALSE","","","SKU-style URL slug","N/A","TRUE"
"https://evidentscientific.com/it/products/n5703500/n5703500","it","TRUE","TRUE","FALSE","","","SKU-style URL slug","N/A","TRUE"
"https://evidentscientific.com/it/products/n5703600/n5703600","it","TRUE","TRUE","FALSE","","","SKU-style URL slug","N/A","TRUE"
"https://evidentscientific.com/it/products/n5703700/n5703700","it","TRUE","TRUE","FALSE","","","SKU-style URL slug","N/A","TRUE"
"https://evidentscientific.com/it/products/n5703800/n5703800","it","TRUE","TRUE","FALSE","","","SKU-style URL slug","N/A","TRUE"
"https://evidentscientific.com/it/products/n5703900/n5703900","it","TRUE","TRUE","FALSE","","","SKU-style URL slug","N/A","TRUE"
"https://evidentscientific.com/it/products/n5704000/n5704000","it","TRUE","TRUE","FALSE","","","SKU-style URL slug","N/A","TRUE"
"https://evidentscientific.com/it/products/n5704700/n5704700","it","TRUE","TRUE","FALSE","","","SKU-style URL slug","N/A","TRUE"
"https://evidentscientific.com/it/products/n5743700/n5743700","it","TRUE","TRUE","FALSE","","","SKU-style URL slug","N/A","TRUE"
"https://evidentscientific.com/it/products/n5743800/n5743800","it","TRUE","TRUE","FALSE","","","SKU-style URL slug","N/A","TRUE"
"https://evidentscientific.com/it/products/n5743900/n5743900","it","TRUE","TRUE","FALSE","","","SKU-style URL slug","N/A","TRUE"
"https://evidentscientific.com/it/products/n5744000/n5744000","it","TRUE","TRUE","FALSE","","","SKU-style URL slug","N/A","TRUE"
"https://evidentscientific.com/it/products/n5744100/n5744100","it","TRUE","TRUE","FALSE","","","SKU-style URL slug","N/A","TRUE"
"https://evidentscientific.com/it/products/n5744200/n5744200","it","TRUE","TRUE","FALSE","","","SKU-style URL slug","N/A","TRUE"
"https://evidentscientific.com/it/products/n5744300/n5744300","it","TRUE","TRUE","FALSE","","","SKU-style URL slug","N/A","TRUE"
"https://evidentscientific.com/it/products/n5744400/n5744400","it","TRUE","TRUE","FALSE","","","SKU-style URL slug","N/A","TRUE"
"https://evidentscientific.com/it/products/n5744500/n5744500","it","TRUE","TRUE","FALSE","","","SKU-style URL slug","N/A","TRUE"
"https://evidentscientific.com/it/products/n5744600/n5744600","it","TRUE","TRUE","FALSE","","","SKU-style URL slug","N/A","TRUE"
"https://evidentscientific.com/it/products/n6389000/n6389000","it","TRUE","TRUE","FALSE","","","SKU-style URL slug","N/A","TRUE"
"https://evidentscientific.com/it/products/n6389100/n6389100","it","TRUE","TRUE","FALSE","","","SKU-style URL slug","N/A","TRUE"
"https://evidentscientific.com/it/products/n6389200/n6389200","it","TRUE","TRUE","FALSE","","","SKU-style URL slug","N/A","TRUE"
"https://evidentscientific.com/it/products/n6389300/n6389300","it","TRUE","TRUE","FALSE","","","SKU-style URL slug","N/A","TRUE"
"https://evidentscientific.com/it/products/n6389400/n6389400","it","TRUE","TRUE","FALSE","","","SKU-style URL slug","N/A","TRUE"
"https://evidentscientific.com/it/products/n6389500/n6389500","it","TRUE","TRUE","FALSE","","","SKU-style URL slug","N/A","TRUE"
"https://evidentscientific.com/it/products/n6389600/n6389600","it","TRUE","TRUE","FALSE","","","SKU-style URL slug","N/A","TRUE"
"https://evidentscientific.com/it/products/n6389700/n6389700","it","TRUE","TRUE","FALSE","","","SKU-style URL slug","N/A","TRUE"
"https://evidentscientific.com/it/products/n6432600/n6432600","it","TRUE","TRUE","FALSE","","","SKU-style URL slug","N/A","TRUE"
"https://evidentscientific.com/it/products/n6432700/n6432700","it","TRUE","TRUE","FALSE","","","SKU-style URL slug","N/A","TRUE"
"https://evidentscientific.com/it/products/n6432900/n6432900","it","TRUE","TRUE","FALSE","","","SKU-style URL slug","N/A","TRUE"
"https://evidentscientific.com/it/products/n6433000/n6433000","it","TRUE","TRUE","FALSE","","","SKU-style URL slug","N/A","TRUE"
"https://evidentscientific.com/it/products/n6433100/n6433100","it","TRUE","TRUE","FALSE","","","SKU-style URL slug","N/A","TRUE"
"https://evidentscientific.com/it/products/n6433200/n6433200","it","TRUE","TRUE","FALSE","","","SKU-style URL slug","N/A","TRUE"
"https://evidentscientific.com/it/products/n6433300/n6433300","it","TRUE","TRUE","FALSE","","","SKU-style URL slug","N/A","TRUE"
"https://evidentscientific.com/it/products/n6433400/n6433400","it","TRUE","TRUE","FALSE","","","SKU-style URL slug","N/A","TRUE"
"https://evidentscientific.com/it/products/n6433500/n6433500","it","TRUE","TRUE","FALSE","","","SKU-style URL slug","N/A","TRUE"
"https://evidentscientific.com/it/products/n6433600/n6433600","it","TRUE","TRUE","FALSE","","","SKU-style URL slug","N/A","TRUE"
"https://evidentscientific.com/it/products/n6433700/n6433700","it","TRUE","TRUE","FALSE","","","SKU-style URL slug","N/A","TRUE"
"https://evidentscientific.com/it/products/n6433800/n6433800","it","TRUE","TRUE","FALSE","","","SKU-style URL slug","N/A","TRUE"
"https://evidentscientific.com/it/products/n6444400/n6444400","it","TRUE","TRUE","FALSE","","","SKU-style URL slug","N/A","TRUE"
"https://evidentscientific.com/it/products/n6444500/n6444500","it","TRUE","TRUE","FALSE","","","SKU-style URL slug","N/A","TRUE"
"https://evidentscientific.com/it/products/n6444600/n6444600","it","TRUE","TRUE","FALSE","","","SKU-style URL slug","N/A","TRUE"
"https://evidentscientific.com/it/products/n6444700/n6444700","it","TRUE","TRUE","FALSE","","","SKU-style URL slug","N/A","TRUE"
"https://evidentscientific.com/it/products/n6444800/n6444800","it","TRUE","TRUE","FALSE","","","SKU-style URL slug","N/A","TRUE"
"https://evidentscientific.com/it/products/n6444900/n6444900","it","TRUE","TRUE","FALSE","","","SKU-style URL slug","N/A","TRUE"
"https://evidentscientific.com/it/products/n6445000/n6445000","it","TRUE","TRUE","FALSE","","","SKU-style URL slug","N/A","TRUE"
"https://evidentscientific.com/it/products/n6445100/n6445100","it","TRUE","TRUE","FALSE","","","SKU-style URL slug","N/A","TRUE"
"https://evidentscientific.com/it/products/n6445200/n6445200","it","TRUE","TRUE","FALSE","","","SKU-style URL slug","N/A","TRUE"
"https://evidentscientific.com/it/products/n6445300/n6445300","it","TRUE","TRUE","FALSE","","","SKU-style URL slug","N/A","TRUE"
"https://evidentscientific.com/it/products/n6445400/n6445400","it","TRUE","TRUE","FALSE","","","SKU-style URL slug","N/A","TRUE"
"https://evidentscientific.com/it/products/n6445500/n6445500","it","TRUE","TRUE","FALSE","","","SKU-style URL slug","N/A","TRUE"
"https://evidentscientific.com/it/products/n6445600/n6445600","it","TRUE","TRUE","FALSE","","","SKU-style URL slug","N/A","TRUE"
"https://evidentscientific.com/it/products/n6454300/n6454300","it","TRUE","TRUE","FALSE","","","SKU-style URL slug","N/A","TRUE"
"https://evidentscientific.com/it/products/n6454400/n6454400","it","TRUE","TRUE","FALSE","","","SKU-style URL slug","N/A","TRUE"
"https://evidentscientific.com/it/products/n6455600/n6455600","it","TRUE","TRUE","FALSE","","","SKU-style URL slug","N/A","TRUE"
"https://evidentscientific.com/it/products/n6455700/n6455700","it","TRUE","TRUE","FALSE","","","SKU-style URL slug","N/A","TRUE"
"https://evidentscientific.com/it/products/n6455800/n6455800","it","TRUE","TRUE","FALSE","","","SKU-style URL slug","N/A","TRUE"
"https://evidentscientific.com/it/products/o661175/o661175","it","TRUE","TRUE","FALSE","","","SKU-style URL slug","N/A","TRUE"
"https://evidentscientific.com/it/products/pln20xcy/pln20xcy","it","TRUE","TRUE","FALSE","","","SKU-style URL slug","N/A","TRUE"
"https://evidentscientific.com/it/products/pln4xcy/pln4xcy","it","TRUE","TRUE","FALSE","","","SKU-style URL slug","N/A","TRUE"
"https://evidentscientific.com/it/products/we108019/we108019","it","TRUE","TRUE","FALSE","","","SKU-style URL slug","N/A","TRUE"
"https://evidentscientific.com/it/products/we402458/we402458","it","TRUE","TRUE","FALSE","","","SKU-style URL slug","N/A","TRUE"
"https://evidentscientific.com/ja/products/1460500/1460500","ja","TRUE","TRUE","FALSE","","","SKU-style URL slug","N/A","TRUE"
"https://evidentscientific.com/ja/products/562445024/562445024","ja","TRUE","TRUE","FALSE","","","SKU-style URL slug","N/A","TRUE"
"https://evidentscientific.com/ja/products/562445135/562445135","ja","TRUE","TRUE","FALSE","","","SKU-style URL slug","N/A","TRUE"
"https://evidentscientific.com/ja/products/8000302/8000302","ja","TRUE","TRUE","FALSE","","","SKU-style URL slug","N/A","TRUE"
"https://evidentscientific.com/ja/products/a822482/a822482","ja","TRUE","TRUE","FALSE","","","SKU-style URL slug","N/A","TRUE"
"https://evidentscientific.com/ja/products/aq885201/aq885201","ja","TRUE","TRUE","FALSE","","","SKU-style URL slug","N/A","TRUE"
"https://evidentscientific.com/ja/products/as208300/as208300","ja","TRUE","TRUE","FALSE","","","SKU-style URL slug","N/A","TRUE"
"https://evidentscientific.com/ja/products/av776901/av776901","ja","TRUE","TRUE","FALSE","","","SKU-style URL slug","N/A","TRUE"
"https://evidentscientific.com/ja/products/av832300/av832300","ja","TRUE","TRUE","FALSE","","","SKU-style URL slug","N/A","TRUE"
"https://evidentscientific.com/ja/products/aw096401/aw096401","ja","TRUE","TRUE","FALSE","","","SKU-style URL slug","N/A","TRUE"
"https://evidentscientific.com/ja/products/aw700200/aw700200","ja","TRUE","TRUE","FALSE","","","SKU-style URL slug","N/A","TRUE"
"https://evidentscientific.com/ja/products/aw763200/aw763200","ja","TRUE","TRUE","FALSE","","","SKU-style URL slug","N/A","TRUE"
"https://evidentscientific.com/ja/products/aw776500/aw776500","ja","TRUE","TRUE","FALSE","","","SKU-style URL slug","N/A","TRUE"
"https://evidentscientific.com/ja/products/ax0001/ax0001","ja","TRUE","TRUE","FALSE","","","SKU-style URL slug","N/A","TRUE"
"https://evidentscientific.com/ja/products/ax0003/ax0003","ja","TRUE","TRUE","FALSE","","","SKU-style URL slug","N/A","TRUE"
"https://evidentscientific.com/ja/products/dk521600/dk521600","ja","TRUE","TRUE","FALSE","","","SKU-style URL slug","N/A","TRUE"
"https://evidentscientific.com/ja/products/dl405700/dl405700","ja","TRUE","TRUE","FALSE","","","SKU-style URL slug","N/A","TRUE"
"https://evidentscientific.com/ja/products/do141301/do141301","ja","TRUE","TRUE","FALSE","","","SKU-style URL slug","N/A","TRUE"
"https://evidentscientific.com/ja/products/e0435882/e0435882","ja","TRUE","TRUE","FALSE","","","SKU-style URL slug","N/A","TRUE"
"https://evidentscientific.com/ja/products/e9700719/e9700719","ja","TRUE","TRUE","FALSE","","","SKU-style URL slug","N/A","TRUE"
"https://evidentscientific.com/ja/products/e9701557/e9701557","ja","TRUE","TRUE","FALSE","","","SKU-style URL slug","N/A","TRUE"
"https://evidentscientific.com/ja/products/e9701714/e9701714","ja","TRUE","TRUE","FALSE","","","SKU-style URL slug","N/A","TRUE"
"https://evidentscientific.com/ja/products/e9701832/e9701832","ja","TRUE","TRUE","FALSE","","","SKU-style URL slug","N/A","TRUE"
"https://evidentscientific.com/ja/products/e9701883/e9701883","ja","TRUE","TRUE","FALSE","","","SKU-style URL slug","N/A","TRUE"
"https://evidentscientific.com/ja/products/ja768201/ja768201","ja","TRUE","TRUE","FALSE","","","SKU-style URL slug","N/A","TRUE"
"https://evidentscientific.com/ja/products/jb428302/jb428302","ja","TRUE","TRUE","FALSE","","","SKU-style URL slug","N/A","TRUE"
"https://evidentscientific.com/ja/products/jb901600/jb901600","ja","TRUE","TRUE","FALSE","","","SKU-style URL slug","N/A","TRUE"
"https://evidentscientific.com/ja/products/jb952600/jb952600","ja","TRUE","TRUE","FALSE","","","SKU-style URL slug","N/A","TRUE"
"https://evidentscientific.com/ja/products/jd003700/jd003700","ja","TRUE","TRUE","FALSE","","","SKU-style URL slug","N/A","TRUE"
"https://evidentscientific.com/ja/products/jd022600/jd022600","ja","TRUE","TRUE","FALSE","","","SKU-style URL slug","N/A","TRUE"
"https://evidentscientific.com/ja/products/jd040800/jd040800","ja","TRUE","TRUE","FALSE","","","SKU-style URL slug","N/A","TRUE"
"https://evidentscientific.com/ja/products/ju552600/ju552600","ja","TRUE","TRUE","FALSE","","","SKU-style URL slug","N/A","TRUE"
"https://evidentscientific.com/ja/products/jw119700/jw119700","ja","TRUE","TRUE","FALSE","","","SKU-style URL slug","N/A","TRUE"
"https://evidentscientific.com/ja/products/jw121600/jw121600","ja","TRUE","TRUE","FALSE","","","SKU-style URL slug","N/A","TRUE"
"https://evidentscientific.com/ja/products/jw126000/jw126000","ja","TRUE","TRUE","FALSE","","","SKU-style URL slug","N/A","TRUE"
"https://evidentscientific.com/ja/products/jw135100/jw135100","ja","TRUE","TRUE","FALSE","","","SKU-style URL slug","N/A","TRUE"
"https://evidentscientific.com/ja/products/jw140800/jw140800","ja","TRUE","TRUE","FALSE","","","SKU-style URL slug","N/A","TRUE"
"https://evidentscientific.com/ja/products/jw149300/jw149300","ja","TRUE","TRUE","FALSE","","","SKU-style URL slug","N/A","TRUE"
"https://evidentscientific.com/ja/products/jw499400/jw499400","ja","TRUE","TRUE","FALSE","","","SKU-style URL slug","N/A","TRUE"
"https://evidentscientific.com/ja/products/jy418900/jy418900","ja","TRUE","TRUE","FALSE","","","SKU-style URL slug","N/A","TRUE"
"https://evidentscientific.com/ja/products/n1129900/n1129900","ja","TRUE","TRUE","FALSE","","","SKU-style URL slug","N/A","TRUE"
"https://evidentscientific.com/ja/products/n1130000/n1130000","ja","TRUE","TRUE","FALSE","","","SKU-style URL slug","N/A","TRUE"
"https://evidentscientific.com/ja/products/n1153000/n1153000","ja","TRUE","TRUE","FALSE","","","SKU-style URL slug","N/A","TRUE"
"https://evidentscientific.com/ja/products/n1157500/n1157500","ja","TRUE","TRUE","FALSE","","","SKU-style URL slug","N/A","TRUE"
"https://evidentscientific.com/ja/products/n1198000/n1198000","ja","TRUE","TRUE","FALSE","","","SKU-style URL slug","N/A","TRUE"
"https://evidentscientific.com/ja/products/n1198100/n1198100","ja","TRUE","TRUE","FALSE","","","SKU-style URL slug","N/A","TRUE"
"https://evidentscientific.com/ja/products/n1198200/n1198200","ja","TRUE","TRUE","FALSE","","","SKU-style URL slug","N/A","TRUE"
"https://evidentscientific.com/ja/products/n1198300/n1198300","ja","TRUE","TRUE","FALSE","","","SKU-style URL slug","N/A","TRUE"
"https://evidentscientific.com/ja/products/n1199900/n1199900","ja","TRUE","TRUE","FALSE","","","SKU-style URL slug","N/A","TRUE"
"https://evidentscientific.com/ja/products/n1200000/n1200000","ja","TRUE","TRUE","FALSE","","","SKU-style URL slug","N/A","TRUE"
"https://evidentscientific.com/ja/products/n1200600/n1200600","ja","TRUE","TRUE","FALSE","","","SKU-style URL slug","N/A","TRUE"
"https://evidentscientific.com/ja/products/n1215800/n1215800","ja","TRUE","TRUE","FALSE","","","SKU-style URL slug","N/A","TRUE"
"https://evidentscientific.com/ja/products/n1216500/n1216500","ja","TRUE","TRUE","FALSE","","","SKU-style URL slug","N/A","TRUE"
"https://evidentscientific.com/ja/products/n1220900/n1220900","ja","TRUE","TRUE","FALSE","","","SKU-style URL slug","N/A","TRUE"
"https://evidentscientific.com/ja/products/n1221000/n1221000","ja","TRUE","TRUE","FALSE","","","SKU-style URL slug","N/A","TRUE"
"https://evidentscientific.com/ja/products/n1221200/n1221200","ja","TRUE","TRUE","FALSE","","","SKU-style URL slug","N/A","TRUE"
"https://evidentscientific.com/ja/products/n1468400/n1468400","ja","TRUE","TRUE","FALSE","","","SKU-style URL slug","N/A","TRUE"
"https://evidentscientific.com/ja/products/n1480000/n1480000","ja","TRUE","TRUE","FALSE","","","SKU-style URL slug","N/A","TRUE"
"https://evidentscientific.com/ja/products/n1480100/n1480100","ja","TRUE","TRUE","FALSE","","","SKU-style URL slug","N/A","TRUE"
"https://evidentscientific.com/ja/products/n1480200/n1480200","ja","TRUE","TRUE","FALSE","","","SKU-style URL slug","N/A","TRUE"
"https://evidentscientific.com/ja/products/n1480300/n1480300","ja","TRUE","TRUE","FALSE","","","SKU-style URL slug","N/A","TRUE"
"https://evidentscientific.com/ja/products/n1480500/n1480500","ja","TRUE","TRUE","FALSE","","","SKU-style URL slug","N/A","TRUE"
"https://evidentscientific.com/ja/products/n1480700/n1480700","ja","TRUE","TRUE","FALSE","","","SKU-style URL slug","N/A","TRUE"
"https://evidentscientific.com/ja/products/n1480800/n1480800","ja","TRUE","TRUE","FALSE","","","SKU-style URL slug","N/A","TRUE"
"https://evidentscientific.com/ja/products/n1480900/n1480900","ja","TRUE","TRUE","FALSE","","","SKU-style URL slug","N/A","TRUE"
"https://evidentscientific.com/ja/products/n1489500/n1489500","ja","TRUE","TRUE","FALSE","","","SKU-style URL slug","N/A","TRUE"
"https://evidentscientific.com/ja/products/n1491600/n1491600","ja","TRUE","TRUE","FALSE","","","SKU-style URL slug","N/A","TRUE"
"https://evidentscientific.com/ja/products/n1507300/n1507300","ja","TRUE","TRUE","FALSE","","","SKU-style URL slug","N/A","TRUE"
"https://evidentscientific.com/ja/products/n1507400/n1507400","ja","TRUE","TRUE","FALSE","","","SKU-style URL slug","N/A","TRUE"
"https://evidentscientific.com/ja/products/n1507600/n1507600","ja","TRUE","TRUE","FALSE","","","SKU-style URL slug","N/A","TRUE"
"https://evidentscientific.com/ja/products/n1507800/n1507800","ja","TRUE","TRUE","FALSE","","","SKU-style URL slug","N/A","TRUE"
"https://evidentscientific.com/ja/products/n1507900/n1507900","ja","TRUE","TRUE","FALSE","","","SKU-style URL slug","N/A","TRUE"
"https://evidentscientific.com/ja/products/n1510600/n1510600","ja","TRUE","TRUE","FALSE","","","SKU-style URL slug","N/A","TRUE"
"https://evidentscientific.com/ja/products/n1510900/n1510900","ja","TRUE","TRUE","FALSE","","","SKU-style URL slug","N/A","TRUE"
"https://evidentscientific.com/ja/products/n1511000/n1511000","ja","TRUE","TRUE","FALSE","","","SKU-style URL slug","N/A","TRUE"
"https://evidentscientific.com/ja/products/n1511200/n1511200","ja","TRUE","TRUE","FALSE","","","SKU-style URL slug","N/A","TRUE"
"https://evidentscientific.com/ja/products/n1511300/n1511300","ja","TRUE","TRUE","FALSE","","","SKU-style URL slug","N/A","TRUE"
"https://evidentscientific.com/ja/products/n1561400/n1561400","ja","TRUE","TRUE","FALSE","","","SKU-style URL slug","N/A","TRUE"
"https://evidentscientific.com/ja/products/n1977500/n1977500","ja","TRUE","TRUE","FALSE","","","SKU-style URL slug","N/A","TRUE"
"https://evidentscientific.com/ja/products/n1977800/n1977800","ja","TRUE","TRUE","FALSE","","","SKU-style URL slug","N/A","TRUE"
"https://evidentscientific.com/ja/products/n1977900/n1977900","ja","TRUE","TRUE","FALSE","","","SKU-style URL slug","N/A","TRUE"
"https://evidentscientific.com/ja/products/n1978100/n1978100","ja","TRUE","TRUE","FALSE","","","SKU-style URL slug","N/A","TRUE"
"https://evidentscientific.com/ja/products/n1978300/n1978300","ja","TRUE","TRUE","FALSE","","","SKU-style URL slug","N/A","TRUE"
"https://evidentscientific.com/ja/products/n1978400/n1978400","ja","TRUE","TRUE","FALSE","","","SKU-style URL slug","N/A","TRUE"
"https://evidentscientific.com/ja/products/n1979600/n1979600","ja","TRUE","TRUE","FALSE","","","SKU-style URL slug","N/A","TRUE"
"https://evidentscientific.com/ja/products/n2165400/n2165400","ja","TRUE","TRUE","FALSE","","","SKU-style URL slug","N/A","TRUE"
"https://evidentscientific.com/ja/products/n2165600/n2165600","ja","TRUE","TRUE","FALSE","","","SKU-style URL slug","N/A","TRUE"
"https://evidentscientific.com/ja/products/n2178900/n2178900","ja","TRUE","TRUE","FALSE","","","SKU-style URL slug","N/A","TRUE"
"https://evidentscientific.com/ja/products/n2181000/n2181000","ja","TRUE","TRUE","FALSE","","","SKU-style URL slug","N/A","TRUE"
"https://evidentscientific.com/ja/products/n2181100/n2181100","ja","TRUE","TRUE","FALSE","","","SKU-style URL slug","N/A","TRUE"
"https://evidentscientific.com/ja/products/n2181200/n2181200","ja","TRUE","TRUE","FALSE","","","SKU-style URL slug","N/A","TRUE"
"https://evidentscientific.com/ja/products/n2181300/n2181300","ja","TRUE","TRUE","FALSE","","","SKU-style URL slug","N/A","TRUE"
"https://evidentscientific.com/ja/products/n2181400/n2181400","ja","TRUE","TRUE","FALSE","","","SKU-style URL slug","N/A","TRUE"
"https://evidentscientific.com/ja/products/n2181800/n2181800","ja","TRUE","TRUE","FALSE","","","SKU-style URL slug","N/A","TRUE"
"https://evidentscientific.com/ja/products/n2181900/n2181900","ja","TRUE","TRUE","FALSE","","","SKU-style URL slug","N/A","TRUE"
"https://evidentscientific.com/ja/products/n2182300/n2182300","ja","TRUE","TRUE","FALSE","","","SKU-style URL slug","N/A","TRUE"
"https://evidentscientific.com/ja/products/n2182400/n2182400","ja","TRUE","TRUE","FALSE","","","SKU-style URL slug","N/A","TRUE"
"https://evidentscientific.com/ja/products/n2182500/n2182500","ja","TRUE","TRUE","FALSE","","","SKU-style URL slug","N/A","TRUE"
"https://evidentscientific.com/ja/products/n2182900/n2182900","ja","TRUE","TRUE","FALSE","","","SKU-style URL slug","N/A","TRUE"
"https://evidentscientific.com/ja/products/n2183000/n2183000","ja","TRUE","TRUE","FALSE","","","SKU-style URL slug","N/A","TRUE"
"https://evidentscientific.com/ja/products/n2183100/n2183100","ja","TRUE","TRUE","FALSE","","","SKU-style URL slug","N/A","TRUE"
"https://evidentscientific.com/ja/products/n2183200/n2183200","ja","TRUE","TRUE","FALSE","","","SKU-style URL slug","N/A","TRUE"
"https://evidentscientific.com/ja/products/n2183300/n2183300","ja","TRUE","TRUE","FALSE","","","SKU-style URL slug","N/A","TRUE"
"https://evidentscientific.com/ja/products/n2183400/n2183400","ja","TRUE","TRUE","FALSE","","","SKU-style URL slug","N/A","TRUE"
"https://evidentscientific.com/ja/products/n2183500/n2183500","ja","TRUE","TRUE","FALSE","","","SKU-style URL slug","N/A","TRUE"
"https://evidentscientific.com/ja/products/n2183600/n2183600","ja","TRUE","TRUE","FALSE","","","SKU-style URL slug","N/A","TRUE"
"https://evidentscientific.com/ja/products/n2183700/n2183700","ja","TRUE","TRUE","FALSE","","","SKU-style URL slug","N/A","TRUE"
"https://evidentscientific.com/ja/products/n2183800/n2183800","ja","TRUE","TRUE","FALSE","","","SKU-style URL slug","N/A","TRUE"
"https://evidentscientific.com/ja/products/n2183900/n2183900","ja","TRUE","TRUE","FALSE","","","SKU-style URL slug","N/A","TRUE"
"https://evidentscientific.com/ja/products/n2184000/n2184000","ja","TRUE","TRUE","FALSE","","","SKU-style URL slug","N/A","TRUE"
"https://evidentscientific.com/ja/products/n2190100/n2190100","ja","TRUE","TRUE","FALSE","","","SKU-style URL slug","N/A","TRUE"
"https://evidentscientific.com/ja/products/n2190200/n2190200","ja","TRUE","TRUE","FALSE","","","SKU-style URL slug","N/A","TRUE"
"https://evidentscientific.com/ja/products/n2190400/n2190400","ja","TRUE","TRUE","FALSE","","","SKU-style URL slug","N/A","TRUE"
"https://evidentscientific.com/ja/products/n2190900/n2190900","ja","TRUE","TRUE","FALSE","","","SKU-style URL slug","N/A","TRUE"
"https://evidentscientific.com/ja/products/n2191000/n2191000","ja","TRUE","TRUE","FALSE","","","SKU-style URL slug","N/A","TRUE"
"https://evidentscientific.com/ja/products/n2192400/n2192400","ja","TRUE","TRUE","FALSE","","","SKU-style URL slug","N/A","TRUE"
"https://evidentscientific.com/ja/products/n2194100/n2194100","ja","TRUE","TRUE","FALSE","","","SKU-style URL slug","N/A","TRUE"
"https://evidentscientific.com/ja/products/n2205200/n2205200","ja","TRUE","TRUE","FALSE","","","SKU-style URL slug","N/A","TRUE"
"https://evidentscientific.com/ja/products/n2215900/n2215900","ja","TRUE","TRUE","FALSE","","","SKU-style URL slug","N/A","TRUE"
"https://evidentscientific.com/ja/products/n2216000/n2216000","ja","TRUE","TRUE","FALSE","","","SKU-style URL slug","N/A","TRUE"
"https://evidentscientific.com/ja/products/n2216100/n2216100","ja","TRUE","TRUE","FALSE","","","SKU-style URL slug","N/A","TRUE"
"https://evidentscientific.com/ja/products/n2216300/n2216300","ja","TRUE","TRUE","FALSE","","","SKU-style URL slug","N/A","TRUE"
"https://evidentscientific.com/ja/products/n2246400/n2246400","ja","TRUE","TRUE","FALSE","","","SKU-style URL slug","N/A","TRUE"
"https://evidentscientific.com/ja/products/n2246500/n2246500","ja","TRUE","TRUE","FALSE","","","SKU-style URL slug","N/A","TRUE"
"https://evidentscientific.com/ja/products/n2246600/n2246600","ja","TRUE","TRUE","FALSE","","","SKU-style URL slug","N/A","TRUE"
"https://evidentscientific.com/ja/products/n2246700/n2246700","ja","TRUE","TRUE","FALSE","","","SKU-style URL slug","N/A","TRUE"
"https://evidentscientific.com/ja/products/n2249100/n2249100","ja","TRUE","TRUE","FALSE","","","SKU-style URL slug","N/A","TRUE"
"https://evidentscientific.com/ja/products/n2667500/n2667500","ja","TRUE","TRUE","FALSE","","","SKU-style URL slug","N/A","TRUE"
"https://evidentscientific.com/ja/products/n2667600/n2667600","ja","TRUE","TRUE","FALSE","","","SKU-style URL slug","N/A","TRUE"
"https://evidentscientific.com/ja/products/n2667700/n2667700","ja","TRUE","TRUE","FALSE","","","SKU-style URL slug","N/A","TRUE"
"https://evidentscientific.com/ja/products/n2667800/n2667800","ja","TRUE","TRUE","FALSE","","","SKU-style URL slug","N/A","TRUE"
"https://evidentscientific.com/ja/products/n2667900/n2667900","ja","TRUE","TRUE","FALSE","","","SKU-style URL slug","N/A","TRUE"
"https://evidentscientific.com/ja/products/n2678200/n2678200","ja","TRUE","TRUE","FALSE","","","SKU-style URL slug","N/A","TRUE"
"https://evidentscientific.com/ja/products/n2678300/n2678300","ja","TRUE","TRUE","FALSE","","","SKU-style URL slug","N/A","TRUE"
"https://evidentscientific.com/ja/products/n2678400/n2678400","ja","TRUE","TRUE","FALSE","","","SKU-style URL slug","N/A","TRUE"
"https://evidentscientific.com/ja/products/n2699300/n2699300","ja","TRUE","TRUE","FALSE","","","SKU-style URL slug","N/A","TRUE"
"https://evidentscientific.com/ja/products/n2699400/n2699400","ja","TRUE","TRUE","FALSE","","","SKU-style URL slug","N/A","TRUE"
"https://evidentscientific.com/ja/products/n2699600/n2699600","ja","TRUE","TRUE","FALSE","","","SKU-style URL slug","N/A","TRUE"
"https://evidentscientific.com/ja/products/n2709100/n2709100","ja","TRUE","TRUE","FALSE","","","SKU-style URL slug","N/A","TRUE"
"https://evidentscientific.com/ja/products/n2709300/n2709300","ja","TRUE","TRUE","FALSE","","","SKU-style URL slug","N/A","TRUE"
"https://evidentscientific.com/ja/products/n2709400/n2709400","ja","TRUE","TRUE","FALSE","","","SKU-style URL slug","N/A","TRUE"
"https://evidentscientific.com/ja/products/n2709500/n2709500","ja","TRUE","TRUE","FALSE","","","SKU-style URL slug","N/A","TRUE"
"https://evidentscientific.com/ja/products/n2709600/n2709600","ja","TRUE","TRUE","FALSE","","","SKU-style URL slug","N/A","TRUE"
"https://evidentscientific.com/ja/products/n2711800/n2711800","ja","TRUE","TRUE","FALSE","","","SKU-style URL slug","N/A","TRUE"
"https://evidentscientific.com/ja/products/n2711900/n2711900","ja","TRUE","TRUE","FALSE","","","SKU-style URL slug","N/A","TRUE"
"https://evidentscientific.com/ja/products/n2712000/n2712000","ja","TRUE","TRUE","FALSE","","","SKU-style URL slug","N/A","TRUE"
"https://evidentscientific.com/ja/products/n2712100/n2712100","ja","TRUE","TRUE","FALSE","","","SKU-style URL slug","N/A","TRUE"
"https://evidentscientific.com/ja/products/n2712300/n2712300","ja","TRUE","TRUE","FALSE","","","SKU-style URL slug","N/A","TRUE"
"https://evidentscientific.com/ja/products/n2712500/n2712500","ja","TRUE","TRUE","FALSE","","","SKU-style URL slug","N/A","TRUE"
"https://evidentscientific.com/ja/products/n2712600/n2712600","ja","TRUE","TRUE","FALSE","","","SKU-style URL slug","N/A","TRUE"
"https://evidentscientific.com/ja/products/n2712700/n2712700","ja","TRUE","TRUE","FALSE","","","SKU-style URL slug","N/A","TRUE"
"https://evidentscientific.com/ja/products/n2712800/n2712800","ja","TRUE","TRUE","FALSE","","","SKU-style URL slug","N/A","TRUE"
"https://evidentscientific.com/ja/products/n2712900/n2712900","ja","TRUE","TRUE","FALSE","","","SKU-style URL slug","N/A","TRUE"
"https://evidentscientific.com/ja/products/n2713000/n2713000","ja","TRUE","TRUE","FALSE","","","SKU-style URL slug","N/A","TRUE"
"https://evidentscientific.com/ja/products/n2713100/n2713100","ja","TRUE","TRUE","FALSE","","","SKU-style URL slug","N/A","TRUE"
"https://evidentscientific.com/ja/products/n2713200/n2713200","ja","TRUE","TRUE","FALSE","","","SKU-style URL slug","N/A","TRUE"
"https://evidentscientific.com/ja/products/n2713300/n2713300","ja","TRUE","TRUE","FALSE","","","SKU-style URL slug","N/A","TRUE"
"https://evidentscientific.com/ja/products/n2713400/n2713400","ja","TRUE","TRUE","FALSE","","","SKU-style URL slug","N/A","TRUE"
"https://evidentscientific.com/ja/products/n2713500/n2713500","ja","TRUE","TRUE","FALSE","","","SKU-style URL slug","N/A","TRUE"
"https://evidentscientific.com/ja/products/n2713600/n2713600","ja","TRUE","TRUE","FALSE","","","SKU-style URL slug","N/A","TRUE"
"https://evidentscientific.com/ja/products/n2713700/n2713700","ja","TRUE","TRUE","FALSE","","","SKU-style URL slug","N/A","TRUE"
"https://evidentscientific.com/ja/products/n2713800/n2713800","ja","TRUE","TRUE","FALSE","","","SKU-style URL slug","N/A","TRUE"
"https://evidentscientific.com/ja/products/n2738000/n2738000","ja","TRUE","TRUE","FALSE","","","SKU-style URL slug","N/A","TRUE"
"https://evidentscientific.com/ja/products/n2738700/n2738700","ja","TRUE","TRUE","FALSE","","","SKU-style URL slug","N/A","TRUE"
"https://evidentscientific.com/ja/products/n2738800/n2738800","ja","TRUE","TRUE","FALSE","","","SKU-style URL slug","N/A","TRUE"
"https://evidentscientific.com/ja/products/n2738900/n2738900","ja","TRUE","TRUE","FALSE","","","SKU-style URL slug","N/A","TRUE"
"https://evidentscientific.com/ja/products/n2739000/n2739000","ja","TRUE","TRUE","FALSE","","","SKU-style URL slug","N/A","TRUE"
"https://evidentscientific.com/ja/products/n2739100/n2739100","ja","TRUE","TRUE","FALSE","","","SKU-style URL slug","N/A","TRUE"
"https://evidentscientific.com/ja/products/n2750100/n2750100","ja","TRUE","TRUE","FALSE","","","SKU-style URL slug","N/A","TRUE"
"https://evidentscientific.com/ja/products/n2750300/n2750300","ja","TRUE","TRUE","FALSE","","","SKU-style URL slug","N/A","TRUE"
"https://evidentscientific.com/ja/products/n2756500/n2756500","ja","TRUE","TRUE","FALSE","","","SKU-style URL slug","N/A","TRUE"
"https://evidentscientific.com/ja/products/n2756600/n2756600","ja","TRUE","TRUE","FALSE","","","SKU-style URL slug","N/A","TRUE"
"https://evidentscientific.com/ja/products/n2757000/n2757000","ja","TRUE","TRUE","FALSE","","","SKU-style URL slug","N/A","TRUE"
"https://evidentscientific.com/ja/products/n2757400/n2757400","ja","TRUE","TRUE","FALSE","","","SKU-style URL slug","N/A","TRUE"
"https://evidentscientific.com/ja/products/n4212100/n4212100","ja","TRUE","TRUE","FALSE","","","SKU-style URL slug","N/A","TRUE"
"https://evidentscientific.com/ja/products/n4227000/n4227000","ja","TRUE","TRUE","FALSE","","","SKU-style URL slug","N/A","TRUE"
"https://evidentscientific.com/ja/products/n4235000/n4235000","ja","TRUE","TRUE","FALSE","","","SKU-style URL slug","N/A","TRUE"
"https://evidentscientific.com/ja/products/n4245300/n4245300","ja","TRUE","TRUE","FALSE","","","SKU-style URL slug","N/A","TRUE"
"https://evidentscientific.com/ja/products/n4245600/n4245600","ja","TRUE","TRUE","FALSE","","","SKU-style URL slug","N/A","TRUE"
"https://evidentscientific.com/ja/products/n4246000/n4246000","ja","TRUE","TRUE","FALSE","","","SKU-style URL slug","N/A","TRUE"
"https://evidentscientific.com/ja/products/n4246100/n4246100","ja","TRUE","TRUE","FALSE","","","SKU-style URL slug","N/A","TRUE"
"https://evidentscientific.com/ja/products/n4247500/n4247500","ja","TRUE","TRUE","FALSE","","","SKU-style URL slug","N/A","TRUE"
"https://evidentscientific.com/ja/products/n4247600/n4247600","ja","TRUE","TRUE","FALSE","","","SKU-style URL slug","N/A","TRUE"
"https://evidentscientific.com/ja/products/n4247700/n4247700","ja","TRUE","TRUE","FALSE","","","SKU-style URL slug","N/A","TRUE"
"https://evidentscientific.com/ja/products/n4248100/n4248100","ja","TRUE","TRUE","FALSE","","","SKU-style URL slug","N/A","TRUE"
"https://evidentscientific.com/ja/products/n4248400/n4248400","ja","TRUE","TRUE","FALSE","","","SKU-style URL slug","N/A","TRUE"
"https://evidentscientific.com/ja/products/n4257800/n4257800","ja","TRUE","TRUE","FALSE","","","SKU-style URL slug","N/A","TRUE"
"https://evidentscientific.com/ja/products/n4262300/n4262300","ja","TRUE","TRUE","FALSE","","","SKU-style URL slug","N/A","TRUE"
"https://evidentscientific.com/ja/products/n4273900/n4273900","ja","TRUE","TRUE","FALSE","","","SKU-style URL slug","N/A","TRUE"
"https://evidentscientific.com/ja/products/n4274000/n4274000","ja","TRUE","TRUE","FALSE","","","SKU-style URL slug","N/A","TRUE"
"https://evidentscientific.com/ja/products/n4274100/n4274100","ja","TRUE","TRUE","FALSE","","","SKU-style URL slug","N/A","TRUE"
"https://evidentscientific.com/ja/products/n5145300/n5145300","ja","TRUE","TRUE","FALSE","","","SKU-style URL slug","N/A","TRUE"
"https://evidentscientific.com/ja/products/n5165000/n5165000","ja","TRUE","TRUE","FALSE","","","SKU-style URL slug","N/A","TRUE"
"https://evidentscientific.com/ja/products/n5165100/n5165100","ja","TRUE","TRUE","FALSE","","","SKU-style URL slug","N/A","TRUE"
"https://evidentscientific.com/ja/products/n5165200/n5165200","ja","TRUE","TRUE","FALSE","","","SKU-style URL slug","N/A","TRUE"
"https://evidentscientific.com/ja/products/n5186100/n5186100","ja","TRUE","TRUE","FALSE","","","SKU-style URL slug","N/A","TRUE"
"https://evidentscientific.com/ja/products/n5186200/n5186200","ja","TRUE","TRUE","FALSE","","","SKU-style URL slug","N/A","TRUE"
"https://evidentscientific.com/ja/products/n5186300/n5186300","ja","TRUE","TRUE","FALSE","","","SKU-style URL slug","N/A","TRUE"
"https://evidentscientific.com/ja/products/n5186400/n5186400","ja","TRUE","TRUE","FALSE","","","SKU-style URL slug","N/A","TRUE"
"https://evidentscientific.com/ja/products/n5186500/n5186500","ja","TRUE","TRUE","FALSE","","","SKU-style URL slug","N/A","TRUE"
"https://evidentscientific.com/ja/products/n5202500/n5202500","ja","TRUE","TRUE","FALSE","","","SKU-style URL slug","N/A","TRUE"
"https://evidentscientific.com/ja/products/n5202600/n5202600","ja","TRUE","TRUE","FALSE","","","SKU-style URL slug","N/A","TRUE"
"https://evidentscientific.com/ja/products/n5202900/n5202900","ja","TRUE","TRUE","FALSE","","","SKU-style URL slug","N/A","TRUE"
"https://evidentscientific.com/ja/products/n5203000/n5203000","ja","TRUE","TRUE","FALSE","","","SKU-style URL slug","N/A","TRUE"
"https://evidentscientific.com/ja/products/n5203100/n5203100","ja","TRUE","TRUE","FALSE","","","SKU-style URL slug","N/A","TRUE"
"https://evidentscientific.com/ja/products/n5228400/n5228400","ja","TRUE","TRUE","FALSE","","","SKU-style URL slug","N/A","TRUE"
"https://evidentscientific.com/ja/products/n5228500/n5228500","ja","TRUE","TRUE","FALSE","","","SKU-style URL slug","N/A","TRUE"
"https://evidentscientific.com/ja/products/n5228800/n5228800","ja","TRUE","TRUE","FALSE","","","SKU-style URL slug","N/A","TRUE"
"https://evidentscientific.com/ja/products/n5228900/n5228900","ja","TRUE","TRUE","FALSE","","","SKU-style URL slug","N/A","TRUE"
"https://evidentscientific.com/ja/products/n5229200/n5229200","ja","TRUE","TRUE","FALSE","","","SKU-style URL slug","N/A","TRUE"
"https://evidentscientific.com/ja/products/n5232100/n5232100","ja","TRUE","TRUE","FALSE","","","SKU-style URL slug","N/A","TRUE"
"https://evidentscientific.com/ja/products/n5667800/n5667800","ja","TRUE","TRUE","FALSE","","","SKU-style URL slug","N/A","TRUE"
"https://evidentscientific.com/ja/products/n5669300/n5669300","ja","TRUE","TRUE","FALSE","","","SKU-style URL slug","N/A","TRUE"
"https://evidentscientific.com/ja/products/n5687100/n5687100","ja","TRUE","TRUE","FALSE","","","SKU-style URL slug","N/A","TRUE"
"https://evidentscientific.com/ja/products/n5687200/n5687200","ja","TRUE","TRUE","FALSE","","","SKU-style URL slug","N/A","TRUE"
"https://evidentscientific.com/ja/products/n5701600/n5701600","ja","TRUE","TRUE","FALSE","","","SKU-style URL slug","N/A","TRUE"
"https://evidentscientific.com/ja/products/n5701700/n5701700","ja","TRUE","TRUE","FALSE","","","SKU-style URL slug","N/A","TRUE"
"https://evidentscientific.com/ja/products/n5702700/n5702700","ja","TRUE","TRUE","FALSE","","","SKU-style URL slug","N/A","TRUE"
"https://evidentscientific.com/ja/products/n5703200/n5703200","ja","TRUE","TRUE","FALSE","","","SKU-style URL slug","N/A","TRUE"
"https://evidentscientific.com/ja/products/n5703300/n5703300","ja","TRUE","TRUE","FALSE","","","SKU-style URL slug","N/A","TRUE"
"https://evidentscientific.com/ja/products/n5703400/n5703400","ja","TRUE","TRUE","FALSE","","","SKU-style URL slug","N/A","TRUE"
"https://evidentscientific.com/ja/products/n5703500/n5703500","ja","TRUE","TRUE","FALSE","","","SKU-style URL slug","N/A","TRUE"
"https://evidentscientific.com/ja/products/n5703600/n5703600","ja","TRUE","TRUE","FALSE","","","SKU-style URL slug","N/A","TRUE"
"https://evidentscientific.com/ja/products/n5703700/n5703700","ja","TRUE","TRUE","FALSE","","","SKU-style URL slug","N/A","TRUE"
"https://evidentscientific.com/ja/products/n5703800/n5703800","ja","TRUE","TRUE","FALSE","","","SKU-style URL slug","N/A","TRUE"
"https://evidentscientific.com/ja/products/n5703900/n5703900","ja","TRUE","TRUE","FALSE","","","SKU-style URL slug","N/A","TRUE"
"https://evidentscientific.com/ja/products/n5704000/n5704000","ja","TRUE","TRUE","FALSE","","","SKU-style URL slug","N/A","TRUE"
"https://evidentscientific.com/ja/products/n5704700/n5704700","ja","TRUE","TRUE","FALSE","","","SKU-style URL slug","N/A","TRUE"
"https://evidentscientific.com/ja/products/n5743700/n5743700","ja","TRUE","TRUE","FALSE","","","SKU-style URL slug","N/A","TRUE"
"https://evidentscientific.com/ja/products/n5743800/n5743800","ja","TRUE","TRUE","FALSE","","","SKU-style URL slug","N/A","TRUE"
"https://evidentscientific.com/ja/products/n5743900/n5743900","ja","TRUE","TRUE","FALSE","","","SKU-style URL slug","N/A","TRUE"
"https://evidentscientific.com/ja/products/n5744000/n5744000","ja","TRUE","TRUE","FALSE","","","SKU-style URL slug","N/A","TRUE"
"https://evidentscientific.com/ja/products/n5744100/n5744100","ja","TRUE","TRUE","FALSE","","","SKU-style URL slug","N/A","TRUE"
"https://evidentscientific.com/ja/products/n5744200/n5744200","ja","TRUE","TRUE","FALSE","","","SKU-style URL slug","N/A","TRUE"
"https://evidentscientific.com/ja/products/n5744300/n5744300","ja","TRUE","TRUE","FALSE","","","SKU-style URL slug","N/A","TRUE"
"https://evidentscientific.com/ja/products/n5744400/n5744400","ja","TRUE","TRUE","FALSE","","","SKU-style URL slug","N/A","TRUE"
"https://evidentscientific.com/ja/products/n5744500/n5744500","ja","TRUE","TRUE","FALSE","","","SKU-style URL slug","N/A","TRUE"
"https://evidentscientific.com/ja/products/n5744600/n5744600","ja","TRUE","TRUE","FALSE","","","SKU-style URL slug","N/A","TRUE"
"https://evidentscientific.com/ja/products/n6389000/n6389000","ja","TRUE","TRUE","FALSE","","","SKU-style URL slug","N/A","TRUE"
"https://evidentscientific.com/ja/products/n6389100/n6389100","ja","TRUE","TRUE","FALSE","","","SKU-style URL slug","N/A","TRUE"
"https://evidentscientific.com/ja/products/n6389200/n6389200","ja","TRUE","TRUE","FALSE","","","SKU-style URL slug","N/A","TRUE"
"https://evidentscientific.com/ja/products/n6389300/n6389300","ja","TRUE","TRUE","FALSE","","","SKU-style URL slug","N/A","TRUE"
"https://evidentscientific.com/ja/products/n6389400/n6389400","ja","TRUE","TRUE","FALSE","","","SKU-style URL slug","N/A","TRUE"
"https://evidentscientific.com/ja/products/n6389500/n6389500","ja","TRUE","TRUE","FALSE","","","SKU-style URL slug","N/A","TRUE"
"https://evidentscientific.com/ja/products/n6389600/n6389600","ja","TRUE","TRUE","FALSE","","","SKU-style URL slug","N/A","TRUE"
"https://evidentscientific.com/ja/products/n6389700/n6389700","ja","TRUE","TRUE","FALSE","","","SKU-style URL slug","N/A","TRUE"
"https://evidentscientific.com/ja/products/n6432600/n6432600","ja","TRUE","TRUE","FALSE","","","SKU-style URL slug","N/A","TRUE"
"https://evidentscientific.com/ja/products/n6432700/n6432700","ja","TRUE","TRUE","FALSE","","","SKU-style URL slug","N/A","TRUE"
"https://evidentscientific.com/ja/products/n6432900/n6432900","ja","TRUE","TRUE","FALSE","","","SKU-style URL slug","N/A","TRUE"
"https://evidentscientific.com/ja/products/n6433000/n6433000","ja","TRUE","TRUE","FALSE","","","SKU-style URL slug","N/A","TRUE"
"https://evidentscientific.com/ja/products/n6433100/n6433100","ja","TRUE","TRUE","FALSE","","","SKU-style URL slug","N/A","TRUE"
"https://evidentscientific.com/ja/products/n6433200/n6433200","ja","TRUE","TRUE","FALSE","","","SKU-style URL slug","N/A","TRUE"
"https://evidentscientific.com/ja/products/n6433300/n6433300","ja","TRUE","TRUE","FALSE","","","SKU-style URL slug","N/A","TRUE"
"https://evidentscientific.com/ja/products/n6433400/n6433400","ja","TRUE","TRUE","FALSE","","","SKU-style URL slug","N/A","TRUE"
"https://evidentscientific.com/ja/products/n6433500/n6433500","ja","TRUE","TRUE","FALSE","","","SKU-style URL slug","N/A","TRUE"
"https://evidentscientific.com/ja/products/n6433600/n6433600","ja","TRUE","TRUE","FALSE","","","SKU-style URL slug","N/A","TRUE"
"https://evidentscientific.com/ja/products/n6433700/n6433700","ja","TRUE","TRUE","FALSE","","","SKU-style URL slug","N/A","TRUE"
"https://evidentscientific.com/ja/products/n6433800/n6433800","ja","TRUE","TRUE","FALSE","","","SKU-style URL slug","N/A","TRUE"
"https://evidentscientific.com/ja/products/n6444400/n6444400","ja","TRUE","TRUE","FALSE","","","SKU-style URL slug","N/A","TRUE"
"https://evidentscientific.com/ja/products/n6444500/n6444500","ja","TRUE","TRUE","FALSE","","","SKU-style URL slug","N/A","TRUE"
"https://evidentscientific.com/ja/products/n6444600/n6444600","ja","TRUE","TRUE","FALSE","","","SKU-style URL slug","N/A","TRUE"
"https://evidentscientific.com/ja/products/n6444700/n6444700","ja","TRUE","TRUE","FALSE","","","SKU-style URL slug","N/A","TRUE"
"https://evidentscientific.com/ja/products/n6444800/n6444800","ja","TRUE","TRUE","FALSE","","","SKU-style URL slug","N/A","TRUE"
"https://evidentscientific.com/ja/products/n6444900/n6444900","ja","TRUE","TRUE","FALSE","","","SKU-style URL slug","N/A","TRUE"
"https://evidentscientific.com/ja/products/n6445000/n6445000","ja","TRUE","TRUE","FALSE","","","SKU-style URL slug","N/A","TRUE"
"https://evidentscientific.com/ja/products/n6445100/n6445100","ja","TRUE","TRUE","FALSE","","","SKU-style URL slug","N/A","TRUE"
"https://evidentscientific.com/ja/products/n6445200/n6445200","ja","TRUE","TRUE","FALSE","","","SKU-style URL slug","N/A","TRUE"
"https://evidentscientific.com/ja/products/n6445300/n6445300","ja","TRUE","TRUE","FALSE","","","SKU-style URL slug","N/A","TRUE"
"https://evidentscientific.com/ja/products/n6445400/n6445400","ja","TRUE","TRUE","FALSE","","","SKU-style URL slug","N/A","TRUE"
"https://evidentscientific.com/ja/products/n6445500/n6445500","ja","TRUE","TRUE","FALSE","","","SKU-style URL slug","N/A","TRUE"
"https://evidentscientific.com/ja/products/n6445600/n6445600","ja","TRUE","TRUE","FALSE","","","SKU-style URL slug","N/A","TRUE"
"https://evidentscientific.com/ja/products/n6454300/n6454300","ja","TRUE","TRUE","FALSE","","","SKU-style URL slug","N/A","TRUE"
"https://evidentscientific.com/ja/products/n6454400/n6454400","ja","TRUE","TRUE","FALSE","","","SKU-style URL slug","N/A","TRUE"
"https://evidentscientific.com/ja/products/n6455600/n6455600","ja","TRUE","TRUE","FALSE","","","SKU-style URL slug","N/A","TRUE"
"https://evidentscientific.com/ja/products/n6455700/n6455700","ja","TRUE","TRUE","FALSE","","","SKU-style URL slug","N/A","TRUE"
"https://evidentscientific.com/ja/products/n6455800/n6455800","ja","TRUE","TRUE","FALSE","","","SKU-style URL slug","N/A","TRUE"
"https://evidentscientific.com/ja/products/o661175/o661175","ja","TRUE","TRUE","FALSE","","","SKU-style URL slug","N/A","TRUE"
"https://evidentscientific.com/ja/products/pln20xcy/pln20xcy","ja","TRUE","TRUE","FALSE","","","SKU-style URL slug","N/A","TRUE"
"https://evidentscientific.com/ja/products/pln4xcy/pln4xcy","ja","TRUE","TRUE","FALSE","","","SKU-style URL slug","N/A","TRUE"
"https://evidentscientific.com/ja/products/we108019/we108019","ja","TRUE","TRUE","FALSE","","","SKU-style URL slug","N/A","TRUE"
"https://evidentscientific.com/ja/products/we402458/we402458","ja","TRUE","TRUE","FALSE","","","SKU-style URL slug","N/A","TRUE"
"https://evidentscientific.com/ko/products/1460500/1460500","ko","TRUE","TRUE","FALSE","","","SKU-style URL slug","N/A","TRUE"
"https://evidentscientific.com/ko/products/562445024/562445024","ko","TRUE","TRUE","FALSE","","","SKU-style URL slug","N/A","TRUE"
"https://evidentscientific.com/ko/products/562445135/562445135","ko","TRUE","TRUE","FALSE","","","SKU-style URL slug","N/A","TRUE"
"https://evidentscientific.com/ko/products/8000302/8000302","ko","TRUE","TRUE","FALSE","","","SKU-style URL slug","N/A","TRUE"
"https://evidentscientific.com/ko/products/a822482/a822482","ko","TRUE","TRUE","FALSE","","","SKU-style URL slug","N/A","TRUE"
"https://evidentscientific.com/ko/products/aq885201/aq885201","ko","TRUE","TRUE","FALSE","","","SKU-style URL slug","N/A","TRUE"
"https://evidentscientific.com/ko/products/as208300/as208300","ko","TRUE","TRUE","FALSE","","","SKU-style URL slug","N/A","TRUE"
"https://evidentscientific.com/ko/products/av776901/av776901","ko","TRUE","TRUE","FALSE","","","SKU-style URL slug","N/A","TRUE"
"https://evidentscientific.com/ko/products/av832300/av832300","ko","TRUE","TRUE","FALSE","","","SKU-style URL slug","N/A","TRUE"
"https://evidentscientific.com/ko/products/aw096401/aw096401","ko","TRUE","TRUE","FALSE","","","SKU-style URL slug","N/A","TRUE"
"https://evidentscientific.com/ko/products/aw700200/aw700200","ko","TRUE","TRUE","FALSE","","","SKU-style URL slug","N/A","TRUE"
"https://evidentscientific.com/ko/products/aw763200/aw763200","ko","TRUE","TRUE","FALSE","","","SKU-style URL slug","N/A","TRUE"
"https://evidentscientific.com/ko/products/aw776500/aw776500","ko","TRUE","TRUE","FALSE","","","SKU-style URL slug","N/A","TRUE"
"https://evidentscientific.com/ko/products/ax0001/ax0001","ko","TRUE","TRUE","FALSE","","","SKU-style URL slug","N/A","TRUE"
"https://evidentscientific.com/ko/products/ax0003/ax0003","ko","TRUE","TRUE","FALSE","","","SKU-style URL slug","N/A","TRUE"
"https://evidentscientific.com/ko/products/dk521600/dk521600","ko","TRUE","TRUE","FALSE","","","SKU-style URL slug","N/A","TRUE"
"https://evidentscientific.com/ko/products/dl405700/dl405700","ko","TRUE","TRUE","FALSE","","","SKU-style URL slug","N/A","TRUE"
"https://evidentscientific.com/ko/products/do141301/do141301","ko","TRUE","TRUE","FALSE","","","SKU-style URL slug","N/A","TRUE"
"https://evidentscientific.com/ko/products/e0435882/e0435882","ko","TRUE","TRUE","FALSE","","","SKU-style URL slug","N/A","TRUE"
"https://evidentscientific.com/ko/products/e9700719/e9700719","ko","TRUE","TRUE","FALSE","","","SKU-style URL slug","N/A","TRUE"
"https://evidentscientific.com/ko/products/e9701557/e9701557","ko","TRUE","TRUE","FALSE","","","SKU-style URL slug","N/A","TRUE"
"https://evidentscientific.com/ko/products/e9701714/e9701714","ko","TRUE","TRUE","FALSE","","","SKU-style URL slug","N/A","TRUE"
"https://evidentscientific.com/ko/products/e9701832/e9701832","ko","TRUE","TRUE","FALSE","","","SKU-style URL slug","N/A","TRUE"
"https://evidentscientific.com/ko/products/e9701883/e9701883","ko","TRUE","TRUE","FALSE","","","SKU-style URL slug","N/A","TRUE"
"https://evidentscientific.com/ko/products/ja768201/ja768201","ko","TRUE","TRUE","FALSE","","","SKU-style URL slug","N/A","TRUE"
"https://evidentscientific.com/ko/products/jb428302/jb428302","ko","TRUE","TRUE","FALSE","","","SKU-style URL slug","N/A","TRUE"
"https://evidentscientific.com/ko/products/jb901600/jb901600","ko","TRUE","TRUE","FALSE","","","SKU-style URL slug","N/A","TRUE"
"https://evidentscientific.com/ko/products/jb952600/jb952600","ko","TRUE","TRUE","FALSE","","","SKU-style URL slug","N/A","TRUE"
"https://evidentscientific.com/ko/products/jd003700/jd003700","ko","TRUE","TRUE","FALSE","","","SKU-style URL slug","N/A","TRUE"
"https://evidentscientific.com/ko/products/jd022600/jd022600","ko","TRUE","TRUE","FALSE","","","SKU-style URL slug","N/A","TRUE"
"https://evidentscientific.com/ko/products/jd040800/jd040800","ko","TRUE","TRUE","FALSE","","","SKU-style URL slug","N/A","TRUE"
"https://evidentscientific.com/ko/products/ju552600/ju552600","ko","TRUE","TRUE","FALSE","","","SKU-style URL slug","N/A","TRUE"
"https://evidentscientific.com/ko/products/jw119700/jw119700","ko","TRUE","TRUE","FALSE","","","SKU-style URL slug","N/A","TRUE"
"https://evidentscientific.com/ko/products/jw121600/jw121600","ko","TRUE","TRUE","FALSE","","","SKU-style URL slug","N/A","TRUE"
"https://evidentscientific.com/ko/products/jw126000/jw126000","ko","TRUE","TRUE","FALSE","","","SKU-style URL slug","N/A","TRUE"
"https://evidentscientific.com/ko/products/jw135100/jw135100","ko","TRUE","TRUE","FALSE","","","SKU-style URL slug","N/A","TRUE"
"https://evidentscientific.com/ko/products/jw140800/jw140800","ko","TRUE","TRUE","FALSE","","","SKU-style URL slug","N/A","TRUE"
"https://evidentscientific.com/ko/products/jw149300/jw149300","ko","TRUE","TRUE","FALSE","","","SKU-style URL slug","N/A","TRUE"
"https://evidentscientific.com/ko/products/jw499400/jw499400","ko","TRUE","TRUE","FALSE","","","SKU-style URL slug","N/A","TRUE"
"https://evidentscientific.com/ko/products/jy418900/jy418900","ko","TRUE","TRUE","FALSE","","","SKU-style URL slug","N/A","TRUE"
"https://evidentscientific.com/ko/products/n1129900/n1129900","ko","TRUE","TRUE","FALSE","","","SKU-style URL slug","N/A","TRUE"
"https://evidentscientific.com/ko/products/n1130000/n1130000","ko","TRUE","TRUE","FALSE","","","SKU-style URL slug","N/A","TRUE"
"https://evidentscientific.com/ko/products/n1153000/n1153000","ko","TRUE","TRUE","FALSE","","","SKU-style URL slug","N/A","TRUE"
"https://evidentscientific.com/ko/products/n1157500/n1157500","ko","TRUE","TRUE","FALSE","","","SKU-style URL slug","N/A","TRUE"
"https://evidentscientific.com/ko/products/n1198000/n1198000","ko","TRUE","TRUE","FALSE","","","SKU-style URL slug","N/A","TRUE"
"https://evidentscientific.com/ko/products/n1198100/n1198100","ko","TRUE","TRUE","FALSE","","","SKU-style URL slug","N/A","TRUE"
"https://evidentscientific.com/ko/products/n1198200/n1198200","ko","TRUE","TRUE","FALSE","","","SKU-style URL slug","N/A","TRUE"
"https://evidentscientific.com/ko/products/n1198300/n1198300","ko","TRUE","TRUE","FALSE","","","SKU-style URL slug","N/A","TRUE"
"https://evidentscientific.com/ko/products/n1199900/n1199900","ko","TRUE","TRUE","FALSE","","","SKU-style URL slug","N/A","TRUE"
"https://evidentscientific.com/ko/products/n1200000/n1200000","ko","TRUE","TRUE","FALSE","","","SKU-style URL slug","N/A","TRUE"
"https://evidentscientific.com/ko/products/n1200600/n1200600","ko","TRUE","TRUE","FALSE","","","SKU-style URL slug","N/A","TRUE"
"https://evidentscientific.com/ko/products/n1215800/n1215800","ko","TRUE","TRUE","FALSE","","","SKU-style URL slug","N/A","TRUE"
"https://evidentscientific.com/ko/products/n1216500/n1216500","ko","TRUE","TRUE","FALSE","","","SKU-style URL slug","N/A","TRUE"
"https://evidentscientific.com/ko/products/n1220900/n1220900","ko","TRUE","TRUE","FALSE","","","SKU-style URL slug","N/A","TRUE"
"https://evidentscientific.com/ko/products/n1221000/n1221000","ko","TRUE","TRUE","FALSE","","","SKU-style URL slug","N/A","TRUE"
"https://evidentscientific.com/ko/products/n1221200/n1221200","ko","TRUE","TRUE","FALSE","","","SKU-style URL slug","N/A","TRUE"
"https://evidentscientific.com/ko/products/n1468400/n1468400","ko","TRUE","TRUE","FALSE","","","SKU-style URL slug","N/A","TRUE"
"https://evidentscientific.com/ko/products/n1480000/n1480000","ko","TRUE","TRUE","FALSE","","","SKU-style URL slug","N/A","TRUE"
"https://evidentscientific.com/ko/products/n1480100/n1480100","ko","TRUE","TRUE","FALSE","","","SKU-style URL slug","N/A","TRUE"
"https://evidentscientific.com/ko/products/n1480200/n1480200","ko","TRUE","TRUE","FALSE","","","SKU-style URL slug","N/A","TRUE"
"https://evidentscientific.com/ko/products/n1480300/n1480300","ko","TRUE","TRUE","FALSE","","","SKU-style URL slug","N/A","TRUE"
"https://evidentscientific.com/ko/products/n1480500/n1480500","ko","TRUE","TRUE","FALSE","","","SKU-style URL slug","N/A","TRUE"
"https://evidentscientific.com/ko/products/n1480700/n1480700","ko","TRUE","TRUE","FALSE","","","SKU-style URL slug","N/A","TRUE"
"https://evidentscientific.com/ko/products/n1480800/n1480800","ko","TRUE","TRUE","FALSE","","","SKU-style URL slug","N/A","TRUE"
"https://evidentscientific.com/ko/products/n1480900/n1480900","ko","TRUE","TRUE","FALSE","","","SKU-style URL slug","N/A","TRUE"
"https://evidentscientific.com/ko/products/n1489500/n1489500","ko","TRUE","TRUE","FALSE","","","SKU-style URL slug","N/A","TRUE"
"https://evidentscientific.com/ko/products/n1491600/n1491600","ko","TRUE","TRUE","FALSE","","","SKU-style URL slug","N/A","TRUE"
"https://evidentscientific.com/ko/products/n1507300/n1507300","ko","TRUE","TRUE","FALSE","","","SKU-style URL slug","N/A","TRUE"
"https://evidentscientific.com/ko/products/n1507400/n1507400","ko","TRUE","TRUE","FALSE","","","SKU-style URL slug","N/A","TRUE"
"https://evidentscientific.com/ko/products/n1507600/n1507600","ko","TRUE","TRUE","FALSE","","","SKU-style URL slug","N/A","TRUE"
"https://evidentscientific.com/ko/products/n1507800/n1507800","ko","TRUE","TRUE","FALSE","","","SKU-style URL slug","N/A","TRUE"
"https://evidentscientific.com/ko/products/n1507900/n1507900","ko","TRUE","TRUE","FALSE","","","SKU-style URL slug","N/A","TRUE"
"https://evidentscientific.com/ko/products/n1510600/n1510600","ko","TRUE","TRUE","FALSE","","","SKU-style URL slug","N/A","TRUE"
"https://evidentscientific.com/ko/products/n1510900/n1510900","ko","TRUE","TRUE","FALSE","","","SKU-style URL slug","N/A","TRUE"
"https://evidentscientific.com/ko/products/n1511000/n1511000","ko","TRUE","TRUE","FALSE","","","SKU-style URL slug","N/A","TRUE"
"https://evidentscientific.com/ko/products/n1511200/n1511200","ko","TRUE","TRUE","FALSE","","","SKU-style URL slug","N/A","TRUE"
"https://evidentscientific.com/ko/products/n1511300/n1511300","ko","TRUE","TRUE","FALSE","","","SKU-style URL slug","N/A","TRUE"
"https://evidentscientific.com/ko/products/n1561400/n1561400","ko","TRUE","TRUE","FALSE","","","SKU-style URL slug","N/A","TRUE"
"https://evidentscientific.com/ko/products/n1977500/n1977500","ko","TRUE","TRUE","FALSE","","","SKU-style URL slug","N/A","TRUE"
"https://evidentscientific.com/ko/products/n1977800/n1977800","ko","TRUE","TRUE","FALSE","","","SKU-style URL slug","N/A","TRUE"
"https://evidentscientific.com/ko/products/n1977900/n1977900","ko","TRUE","TRUE","FALSE","","","SKU-style URL slug","N/A","TRUE"
"https://evidentscientific.com/ko/products/n1978100/n1978100","ko","TRUE","TRUE","FALSE","","","SKU-style URL slug","N/A","TRUE"
"https://evidentscientific.com/ko/products/n1978300/n1978300","ko","TRUE","TRUE","FALSE","","","SKU-style URL slug","N/A","TRUE"
"https://evidentscientific.com/ko/products/n1978400/n1978400","ko","TRUE","TRUE","FALSE","","","SKU-style URL slug","N/A","TRUE"
"https://evidentscientific.com/ko/products/n1979600/n1979600","ko","TRUE","TRUE","FALSE","","","SKU-style URL slug","N/A","TRUE"
"https://evidentscientific.com/ko/products/n2165400/n2165400","ko","TRUE","TRUE","FALSE","","","SKU-style URL slug","N/A","TRUE"
"https://evidentscientific.com/ko/products/n2165600/n2165600","ko","TRUE","TRUE","FALSE","","","SKU-style URL slug","N/A","TRUE"
"https://evidentscientific.com/ko/products/n2178900/n2178900","ko","TRUE","TRUE","FALSE","","","SKU-style URL slug","N/A","TRUE"
"https://evidentscientific.com/ko/products/n2181000/n2181000","ko","TRUE","TRUE","FALSE","","","SKU-style URL slug","N/A","TRUE"
"https://evidentscientific.com/ko/products/n2181100/n2181100","ko","TRUE","TRUE","FALSE","","","SKU-style URL slug","N/A","TRUE"
"https://evidentscientific.com/ko/products/n2181200/n2181200","ko","TRUE","TRUE","FALSE","","","SKU-style URL slug","N/A","TRUE"
"https://evidentscientific.com/ko/products/n2181300/n2181300","ko","TRUE","TRUE","FALSE","","","SKU-style URL slug","N/A","TRUE"
"https://evidentscientific.com/ko/products/n2181400/n2181400","ko","TRUE","TRUE","FALSE","","","SKU-style URL slug","N/A","TRUE"
"https://evidentscientific.com/ko/products/n2181800/n2181800","ko","TRUE","TRUE","FALSE","","","SKU-style URL slug","N/A","TRUE"
"https://evidentscientific.com/ko/products/n2181900/n2181900","ko","TRUE","TRUE","FALSE","","","SKU-style URL slug","N/A","TRUE"
"https://evidentscientific.com/ko/products/n2182300/n2182300","ko","TRUE","TRUE","FALSE","","","SKU-style URL slug","N/A","TRUE"
"https://evidentscientific.com/ko/products/n2182400/n2182400","ko","TRUE","TRUE","FALSE","","","SKU-style URL slug","N/A","TRUE"
"https://evidentscientific.com/ko/products/n2182500/n2182500","ko","TRUE","TRUE","FALSE","","","SKU-style URL slug","N/A","TRUE"
"https://evidentscientific.com/ko/products/n2182900/n2182900","ko","TRUE","TRUE","FALSE","","","SKU-style URL slug","N/A","TRUE"
"https://evidentscientific.com/ko/products/n2183000/n2183000","ko","TRUE","TRUE","FALSE","","","SKU-style URL slug","N/A","TRUE"
"https://evidentscientific.com/ko/products/n2183100/n2183100","ko","TRUE","TRUE","FALSE","","","SKU-style URL slug","N/A","TRUE"
"https://evidentscientific.com/ko/products/n2183200/n2183200","ko","TRUE","TRUE","FALSE","","","SKU-style URL slug","N/A","TRUE"
"https://evidentscientific.com/ko/products/n2183300/n2183300","ko","TRUE","TRUE","FALSE","","","SKU-style URL slug","N/A","TRUE"
"https://evidentscientific.com/ko/products/n2183400/n2183400","ko","TRUE","TRUE","FALSE","","","SKU-style URL slug","N/A","TRUE"
"https://evidentscientific.com/ko/products/n2183500/n2183500","ko","TRUE","TRUE","FALSE","","","SKU-style URL slug","N/A","TRUE"
"https://evidentscientific.com/ko/products/n2183600/n2183600","ko","TRUE","TRUE","FALSE","","","SKU-style URL slug","N/A","TRUE"
"https://evidentscientific.com/ko/products/n2183700/n2183700","ko","TRUE","TRUE","FALSE","","","SKU-style URL slug","N/A","TRUE"
"https://evidentscientific.com/ko/products/n2183800/n2183800","ko","TRUE","TRUE","FALSE","","","SKU-style URL slug","N/A","TRUE"
"https://evidentscientific.com/ko/products/n2183900/n2183900","ko","TRUE","TRUE","FALSE","","","SKU-style URL slug","N/A","TRUE"
"https://evidentscientific.com/ko/products/n2184000/n2184000","ko","TRUE","TRUE","FALSE","","","SKU-style URL slug","N/A","TRUE"
"https://evidentscientific.com/ko/products/n2190100/n2190100","ko","TRUE","TRUE","FALSE","","","SKU-style URL slug","N/A","TRUE"
"https://evidentscientific.com/ko/products/n2190200/n2190200","ko","TRUE","TRUE","FALSE","","","SKU-style URL slug","N/A","TRUE"
"https://evidentscientific.com/ko/products/n2190400/n2190400","ko","TRUE","TRUE","FALSE","","","SKU-style URL slug","N/A","TRUE"
"https://evidentscientific.com/ko/products/n2190900/n2190900","ko","TRUE","TRUE","FALSE","","","SKU-style URL slug","N/A","TRUE"
"https://evidentscientific.com/ko/products/n2191000/n2191000","ko","TRUE","TRUE","FALSE","","","SKU-style URL slug","N/A","TRUE"
"https://evidentscientific.com/ko/products/n2192400/n2192400","ko","TRUE","TRUE","FALSE","","","SKU-style URL slug","N/A","TRUE"
"https://evidentscientific.com/ko/products/n2194100/n2194100","ko","TRUE","TRUE","FALSE","","","SKU-style URL slug","N/A","TRUE"
"https://evidentscientific.com/ko/products/n2205200/n2205200","ko","TRUE","TRUE","FALSE","","","SKU-style URL slug","N/A","TRUE"
"https://evidentscientific.com/ko/products/n2215900/n2215900","ko","TRUE","TRUE","FALSE","","","SKU-style URL slug","N/A","TRUE"
"https://evidentscientific.com/ko/products/n2216000/n2216000","ko","TRUE","TRUE","FALSE","","","SKU-style URL slug","N/A","TRUE"
"https://evidentscientific.com/ko/products/n2216100/n2216100","ko","TRUE","TRUE","FALSE","","","SKU-style URL slug","N/A","TRUE"
"https://evidentscientific.com/ko/products/n2216300/n2216300","ko","TRUE","TRUE","FALSE","","","SKU-style URL slug","N/A","TRUE"
"https://evidentscientific.com/ko/products/n2246400/n2246400","ko","TRUE","TRUE","FALSE","","","SKU-style URL slug","N/A","TRUE"
"https://evidentscientific.com/ko/products/n2246500/n2246500","ko","TRUE","TRUE","FALSE","","","SKU-style URL slug","N/A","TRUE"
"https://evidentscientific.com/ko/products/n2246600/n2246600","ko","TRUE","TRUE","FALSE","","","SKU-style URL slug","N/A","TRUE"
"https://evidentscientific.com/ko/products/n2246700/n2246700","ko","TRUE","TRUE","FALSE","","","SKU-style URL slug","N/A","TRUE"
"https://evidentscientific.com/ko/products/n2249100/n2249100","ko","TRUE","TRUE","FALSE","","","SKU-style URL slug","N/A","TRUE"
"https://evidentscientific.com/ko/products/n2667500/n2667500","ko","TRUE","TRUE","FALSE","","","SKU-style URL slug","N/A","TRUE"
"https://evidentscientific.com/ko/products/n2667600/n2667600","ko","TRUE","TRUE","FALSE","","","SKU-style URL slug","N/A","TRUE"
"https://evidentscientific.com/ko/products/n2667700/n2667700","ko","TRUE","TRUE","FALSE","","","SKU-style URL slug","N/A","TRUE"
"https://evidentscientific.com/ko/products/n2667800/n2667800","ko","TRUE","TRUE","FALSE","","","SKU-style URL slug","N/A","TRUE"
"https://evidentscientific.com/ko/products/n2667900/n2667900","ko","TRUE","TRUE","FALSE","","","SKU-style URL slug","N/A","TRUE"
"https://evidentscientific.com/ko/products/n2678200/n2678200","ko","TRUE","TRUE","FALSE","","","SKU-style URL slug","N/A","TRUE"
"https://evidentscientific.com/ko/products/n2678300/n2678300","ko","TRUE","TRUE","FALSE","","","SKU-style URL slug","N/A","TRUE"
"https://evidentscientific.com/ko/products/n2678400/n2678400","ko","TRUE","TRUE","FALSE","","","SKU-style URL slug","N/A","TRUE"
"https://evidentscientific.com/ko/products/n2699300/n2699300","ko","TRUE","TRUE","FALSE","","","SKU-style URL slug","N/A","TRUE"
"https://evidentscientific.com/ko/products/n2699400/n2699400","ko","TRUE","TRUE","FALSE","","","SKU-style URL slug","N/A","TRUE"
"https://evidentscientific.com/ko/products/n2699600/n2699600","ko","TRUE","TRUE","FALSE","","","SKU-style URL slug","N/A","TRUE"
"https://evidentscientific.com/ko/products/n2709100/n2709100","ko","TRUE","TRUE","FALSE","","","SKU-style URL slug","N/A","TRUE"
"https://evidentscientific.com/ko/products/n2709300/n2709300","ko","TRUE","TRUE","FALSE","","","SKU-style URL slug","N/A","TRUE"
"https://evidentscientific.com/ko/products/n2709400/n2709400","ko","TRUE","TRUE","FALSE","","","SKU-style URL slug","N/A","TRUE"
"https://evidentscientific.com/ko/products/n2709500/n2709500","ko","TRUE","TRUE","FALSE","","","SKU-style URL slug","N/A","TRUE"
"https://evidentscientific.com/ko/products/n2709600/n2709600","ko","TRUE","TRUE","FALSE","","","SKU-style URL slug","N/A","TRUE"
"https://evidentscientific.com/ko/products/n2711800/n2711800","ko","TRUE","TRUE","FALSE","","","SKU-style URL slug","N/A","TRUE"
"https://evidentscientific.com/ko/products/n2711900/n2711900","ko","TRUE","TRUE","FALSE","","","SKU-style URL slug","N/A","TRUE"
"https://evidentscientific.com/ko/products/n2712000/n2712000","ko","TRUE","TRUE","FALSE","","","SKU-style URL slug","N/A","TRUE"
"https://evidentscientific.com/ko/products/n2712100/n2712100","ko","TRUE","TRUE","FALSE","","","SKU-style URL slug","N/A","TRUE"
"https://evidentscientific.com/ko/products/n2712300/n2712300","ko","TRUE","TRUE","FALSE","","","SKU-style URL slug","N/A","TRUE"
"https://evidentscientific.com/ko/products/n2712500/n2712500","ko","TRUE","TRUE","FALSE","","","SKU-style URL slug","N/A","TRUE"
"https://evidentscientific.com/ko/products/n2712600/n2712600","ko","TRUE","TRUE","FALSE","","","SKU-style URL slug","N/A","TRUE"
"https://evidentscientific.com/ko/products/n2712700/n2712700","ko","TRUE","TRUE","FALSE","","","SKU-style URL slug","N/A","TRUE"
"https://evidentscientific.com/ko/products/n2712800/n2712800","ko","TRUE","TRUE","FALSE","","","SKU-style URL slug","N/A","TRUE"
"https://evidentscientific.com/ko/products/n2712900/n2712900","ko","TRUE","TRUE","FALSE","","","SKU-style URL slug","N/A","TRUE"
"https://evidentscientific.com/ko/products/n2713000/n2713000","ko","TRUE","TRUE","FALSE","","","SKU-style URL slug","N/A","TRUE"
"https://evidentscientific.com/ko/products/n2713100/n2713100","ko","TRUE","TRUE","FALSE","","","SKU-style URL slug","N/A","TRUE"
"https://evidentscientific.com/ko/products/n2713200/n2713200","ko","TRUE","TRUE","FALSE","","","SKU-style URL slug","N/A","TRUE"
"https://evidentscientific.com/ko/products/n2713300/n2713300","ko","TRUE","TRUE","FALSE","","","SKU-style URL slug","N/A","TRUE"
"https://evidentscientific.com/ko/products/n2713400/n2713400","ko","TRUE","TRUE","FALSE","","","SKU-style URL slug","N/A","TRUE"
"https://evidentscientific.com/ko/products/n2713500/n2713500","ko","TRUE","TRUE","FALSE","","","SKU-style URL slug","N/A","TRUE"
"https://evidentscientific.com/ko/products/n2713600/n2713600","ko","TRUE","TRUE","FALSE","","","SKU-style URL slug","N/A","TRUE"
"https://evidentscientific.com/ko/products/n2713700/n2713700","ko","TRUE","TRUE","FALSE","","","SKU-style URL slug","N/A","TRUE"
"https://evidentscientific.com/ko/products/n2713800/n2713800","ko","TRUE","TRUE","FALSE","","","SKU-style URL slug","N/A","TRUE"
"https://evidentscientific.com/ko/products/n2738000/n2738000","ko","TRUE","TRUE","FALSE","","","SKU-style URL slug","N/A","TRUE"
"https://evidentscientific.com/ko/products/n2738700/n2738700","ko","TRUE","TRUE","FALSE","","","SKU-style URL slug","N/A","TRUE"
"https://evidentscientific.com/ko/products/n2738800/n2738800","ko","TRUE","TRUE","FALSE","","","SKU-style URL slug","N/A","TRUE"
"https://evidentscientific.com/ko/products/n2738900/n2738900","ko","TRUE","TRUE","FALSE","","","SKU-style URL slug","N/A","TRUE"
"https://evidentscientific.com/ko/products/n2739000/n2739000","ko","TRUE","TRUE","FALSE","","","SKU-style URL slug","N/A","TRUE"
"https://evidentscientific.com/ko/products/n2739100/n2739100","ko","TRUE","TRUE","FALSE","","","SKU-style URL slug","N/A","TRUE"
"https://evidentscientific.com/ko/products/n2750100/n2750100","ko","TRUE","TRUE","FALSE","","","SKU-style URL slug","N/A","TRUE"
"https://evidentscientific.com/ko/products/n2750300/n2750300","ko","TRUE","TRUE","FALSE","","","SKU-style URL slug","N/A","TRUE"
"https://evidentscientific.com/ko/products/n2756500/n2756500","ko","TRUE","TRUE","FALSE","","","SKU-style URL slug","N/A","TRUE"
"https://evidentscientific.com/ko/products/n2756600/n2756600","ko","TRUE","TRUE","FALSE","","","SKU-style URL slug","N/A","TRUE"
"https://evidentscientific.com/ko/products/n2757000/n2757000","ko","TRUE","TRUE","FALSE","","","SKU-style URL slug","N/A","TRUE"
"https://evidentscientific.com/ko/products/n2757400/n2757400","ko","TRUE","TRUE","FALSE","","","SKU-style URL slug","N/A","TRUE"
"https://evidentscientific.com/ko/products/n4212100/n4212100","ko","TRUE","TRUE","FALSE","","","SKU-style URL slug","N/A","TRUE"
"https://evidentscientific.com/ko/products/n4227000/n4227000","ko","TRUE","TRUE","FALSE","","","SKU-style URL slug","N/A","TRUE"
"https://evidentscientific.com/ko/products/n4235000/n4235000","ko","TRUE","TRUE","FALSE","","","SKU-style URL slug","N/A","TRUE"
"https://evidentscientific.com/ko/products/n4245300/n4245300","ko","TRUE","TRUE","FALSE","","","SKU-style URL slug","N/A","TRUE"
"https://evidentscientific.com/ko/products/n4245600/n4245600","ko","TRUE","TRUE","FALSE","","","SKU-style URL slug","N/A","TRUE"
"https://evidentscientific.com/ko/products/n4246000/n4246000","ko","TRUE","TRUE","FALSE","","","SKU-style URL slug","N/A","TRUE"
"https://evidentscientific.com/ko/products/n4246100/n4246100","ko","TRUE","TRUE","FALSE","","","SKU-style URL slug","N/A","TRUE"
"https://evidentscientific.com/ko/products/n4247500/n4247500","ko","TRUE","TRUE","FALSE","","","SKU-style URL slug","N/A","TRUE"
"https://evidentscientific.com/ko/products/n4247600/n4247600","ko","TRUE","TRUE","FALSE","","","SKU-style URL slug","N/A","TRUE"
"https://evidentscientific.com/ko/products/n4247700/n4247700","ko","TRUE","TRUE","FALSE","","","SKU-style URL slug","N/A","TRUE"
"https://evidentscientific.com/ko/products/n4248100/n4248100","ko","TRUE","TRUE","FALSE","","","SKU-style URL slug","N/A","TRUE"
"https://evidentscientific.com/ko/products/n4248400/n4248400","ko","TRUE","TRUE","FALSE","","","SKU-style URL slug","N/A","TRUE"
"https://evidentscientific.com/ko/products/n4257800/n4257800","ko","TRUE","TRUE","FALSE","","","SKU-style URL slug","N/A","TRUE"
"https://evidentscientific.com/ko/products/n4262300/n4262300","ko","TRUE","TRUE","FALSE","","","SKU-style URL slug","N/A","TRUE"
"https://evidentscientific.com/ko/products/n4273900/n4273900","ko","TRUE","TRUE","FALSE","","","SKU-style URL slug","N/A","TRUE"
"https://evidentscientific.com/ko/products/n4274000/n4274000","ko","TRUE","TRUE","FALSE","","","SKU-style URL slug","N/A","TRUE"
"https://evidentscientific.com/ko/products/n4274100/n4274100","ko","TRUE","TRUE","FALSE","","","SKU-style URL slug","N/A","TRUE"
"https://evidentscientific.com/ko/products/n5145300/n5145300","ko","TRUE","TRUE","FALSE","","","SKU-style URL slug","N/A","TRUE"
"https://evidentscientific.com/ko/products/n5165000/n5165000","ko","TRUE","TRUE","FALSE","","","SKU-style URL slug","N/A","TRUE"
"https://evidentscientific.com/ko/products/n5165100/n5165100","ko","TRUE","TRUE","FALSE","","","SKU-style URL slug","N/A","TRUE"
"https://evidentscientific.com/ko/products/n5165200/n5165200","ko","TRUE","TRUE","FALSE","","","SKU-style URL slug","N/A","TRUE"
"https://evidentscientific.com/ko/products/n5186100/n5186100","ko","TRUE","TRUE","FALSE","","","SKU-style URL slug","N/A","TRUE"
"https://evidentscientific.com/ko/products/n5186200/n5186200","ko","TRUE","TRUE","FALSE","","","SKU-style URL slug","N/A","TRUE"
"https://evidentscientific.com/ko/products/n5186300/n5186300","ko","TRUE","TRUE","FALSE","","","SKU-style URL slug","N/A","TRUE"
"https://evidentscientific.com/ko/products/n5186400/n5186400","ko","TRUE","TRUE","FALSE","","","SKU-style URL slug","N/A","TRUE"
"https://evidentscientific.com/ko/products/n5186500/n5186500","ko","TRUE","TRUE","FALSE","","","SKU-style URL slug","N/A","TRUE"
"https://evidentscientific.com/ko/products/n5202500/n5202500","ko","TRUE","TRUE","FALSE","","","SKU-style URL slug","N/A","TRUE"
"https://evidentscientific.com/ko/products/n5202600/n5202600","ko","TRUE","TRUE","FALSE","","","SKU-style URL slug","N/A","TRUE"
"https://evidentscientific.com/ko/products/n5202900/n5202900","ko","TRUE","TRUE","FALSE","","","SKU-style URL slug","N/A","TRUE"
"https://evidentscientific.com/ko/products/n5203000/n5203000","ko","TRUE","TRUE","FALSE","","","SKU-style URL slug","N/A","TRUE"
"https://evidentscientific.com/ko/products/n5203100/n5203100","ko","TRUE","TRUE","FALSE","","","SKU-style URL slug","N/A","TRUE"
"https://evidentscientific.com/ko/products/n5228400/n5228400","ko","TRUE","TRUE","FALSE","","","SKU-style URL slug","N/A","TRUE"
"https://evidentscientific.com/ko/products/n5228500/n5228500","ko","TRUE","TRUE","FALSE","","","SKU-style URL slug","N/A","TRUE"
"https://evidentscientific.com/ko/products/n5228800/n5228800","ko","TRUE","TRUE","FALSE","","","SKU-style URL slug","N/A","TRUE"
"https://evidentscientific.com/ko/products/n5228900/n5228900","ko","TRUE","TRUE","FALSE","","","SKU-style URL slug","N/A","TRUE"
"https://evidentscientific.com/ko/products/n5229200/n5229200","ko","TRUE","TRUE","FALSE","","","SKU-style URL slug","N/A","TRUE"
"https://evidentscientific.com/ko/products/n5232100/n5232100","ko","TRUE","TRUE","FALSE","","","SKU-style URL slug","N/A","TRUE"
"https://evidentscientific.com/ko/products/n5667800/n5667800","ko","TRUE","TRUE","FALSE","","","SKU-style URL slug","N/A","TRUE"
"https://evidentscientific.com/ko/products/n5669300/n5669300","ko","TRUE","TRUE","FALSE","","","SKU-style URL slug","N/A","TRUE"
"https://evidentscientific.com/ko/products/n5687100/n5687100","ko","TRUE","TRUE","FALSE","","","SKU-style URL slug","N/A","TRUE"
"https://evidentscientific.com/ko/products/n5687200/n5687200","ko","TRUE","TRUE","FALSE","","","SKU-style URL slug","N/A","TRUE"
"https://evidentscientific.com/ko/products/n5701600/n5701600","ko","TRUE","TRUE","FALSE","","","SKU-style URL slug","N/A","TRUE"
"https://evidentscientific.com/ko/products/n5701700/n5701700","ko","TRUE","TRUE","FALSE","","","SKU-style URL slug","N/A","TRUE"
"https://evidentscientific.com/ko/products/n5702700/n5702700","ko","TRUE","TRUE","FALSE","","","SKU-style URL slug","N/A","TRUE"
"https://evidentscientific.com/ko/products/n5703200/n5703200","ko","TRUE","TRUE","FALSE","","","SKU-style URL slug","N/A","TRUE"
"https://evidentscientific.com/ko/products/n5703300/n5703300","ko","TRUE","TRUE","FALSE","","","SKU-style URL slug","N/A","TRUE"
"https://evidentscientific.com/ko/products/n5703400/n5703400","ko","TRUE","TRUE","FALSE","","","SKU-style URL slug","N/A","TRUE"
"https://evidentscientific.com/ko/products/n5703500/n5703500","ko","TRUE","TRUE","FALSE","","","SKU-style URL slug","N/A","TRUE"
"https://evidentscientific.com/ko/products/n5703600/n5703600","ko","TRUE","TRUE","FALSE","","","SKU-style URL slug","N/A","TRUE"
"https://evidentscientific.com/ko/products/n5703700/n5703700","ko","TRUE","TRUE","FALSE","","","SKU-style URL slug","N/A","TRUE"
"https://evidentscientific.com/ko/products/n5703800/n5703800","ko","TRUE","TRUE","FALSE","","","SKU-style URL slug","N/A","TRUE"
"https://evidentscientific.com/ko/products/n5703900/n5703900","ko","TRUE","TRUE","FALSE","","","SKU-style URL slug","N/A","TRUE"
"https://evidentscientific.com/ko/products/n5704000/n5704000","ko","TRUE","TRUE","FALSE","","","SKU-style URL slug","N/A","TRUE"
"https://evidentscientific.com/ko/products/n5704700/n5704700","ko","TRUE","TRUE","FALSE","","","SKU-style URL slug","N/A","TRUE"
"https://evidentscientific.com/ko/products/n5743700/n5743700","ko","TRUE","TRUE","FALSE","","","SKU-style URL slug","N/A","TRUE"
"https://evidentscientific.com/ko/products/n5743800/n5743800","ko","TRUE","TRUE","FALSE","","","SKU-style URL slug","N/A","TRUE"
"https://evidentscientific.com/ko/products/n5743900/n5743900","ko","TRUE","TRUE","FALSE","","","SKU-style URL slug","N/A","TRUE"
"https://evidentscientific.com/ko/products/n5744000/n5744000","ko","TRUE","TRUE","FALSE","","","SKU-style URL slug","N/A","TRUE"
"https://evidentscientific.com/ko/products/n5744100/n5744100","ko","TRUE","TRUE","FALSE","","","SKU-style URL slug","N/A","TRUE"
"https://evidentscientific.com/ko/products/n5744200/n5744200","ko","TRUE","TRUE","FALSE","","","SKU-style URL slug","N/A","TRUE"
"https://evidentscientific.com/ko/products/n5744300/n5744300","ko","TRUE","TRUE","FALSE","","","SKU-style URL slug","N/A","TRUE"
"https://evidentscientific.com/ko/products/n5744400/n5744400","ko","TRUE","TRUE","FALSE","","","SKU-style URL slug","N/A","TRUE"
"https://evidentscientific.com/ko/products/n5744500/n5744500","ko","TRUE","TRUE","FALSE","","","SKU-style URL slug","N/A","TRUE"
"https://evidentscientific.com/ko/products/n5744600/n5744600","ko","TRUE","TRUE","FALSE","","","SKU-style URL slug","N/A","TRUE"
"https://evidentscientific.com/ko/products/n6389000/n6389000","ko","TRUE","TRUE","FALSE","","","SKU-style URL slug","N/A","TRUE"
"https://evidentscientific.com/ko/products/n6389100/n6389100","ko","TRUE","TRUE","FALSE","","","SKU-style URL slug","N/A","TRUE"
"https://evidentscientific.com/ko/products/n6389200/n6389200","ko","TRUE","TRUE","FALSE","","","SKU-style URL slug","N/A","TRUE"
"https://evidentscientific.com/ko/products/n6389300/n6389300","ko","TRUE","TRUE","FALSE","","","SKU-style URL slug","N/A","TRUE"
"https://evidentscientific.com/ko/products/n6389400/n6389400","ko","TRUE","TRUE","FALSE","","","SKU-style URL slug","N/A","TRUE"
"https://evidentscientific.com/ko/products/n6389500/n6389500","ko","TRUE","TRUE","FALSE","","","SKU-style URL slug","N/A","TRUE"
"https://evidentscientific.com/ko/products/n6389600/n6389600","ko","TRUE","TRUE","FALSE","","","SKU-style URL slug","N/A","TRUE"
"https://evidentscientific.com/ko/products/n6389700/n6389700","ko","TRUE","TRUE","FALSE","","","SKU-style URL slug","N/A","TRUE"
"https://evidentscientific.com/ko/products/n6432600/n6432600","ko","TRUE","TRUE","FALSE","","","SKU-style URL slug","N/A","TRUE"
"https://evidentscientific.com/ko/products/n6432700/n6432700","ko","TRUE","TRUE","FALSE","","","SKU-style URL slug","N/A","TRUE"
"https://evidentscientific.com/ko/products/n6432900/n6432900","ko","TRUE","TRUE","FALSE","","","SKU-style URL slug","N/A","TRUE"
"https://evidentscientific.com/ko/products/n6433000/n6433000","ko","TRUE","TRUE","FALSE","","","SKU-style URL slug","N/A","TRUE"
"https://evidentscientific.com/ko/products/n6433100/n6433100","ko","TRUE","TRUE","FALSE","","","SKU-style URL slug","N/A","TRUE"
"https://evidentscientific.com/ko/products/n6433200/n6433200","ko","TRUE","TRUE","FALSE","","","SKU-style URL slug","N/A","TRUE"
"https://evidentscientific.com/ko/products/n6433300/n6433300","ko","TRUE","TRUE","FALSE","","","SKU-style URL slug","N/A","TRUE"
"https://evidentscientific.com/ko/products/n6433400/n6433400","ko","TRUE","TRUE","FALSE","","","SKU-style URL slug","N/A","TRUE"
"https://evidentscientific.com/ko/products/n6433500/n6433500","ko","TRUE","TRUE","FALSE","","","SKU-style URL slug","N/A","TRUE"
"https://evidentscientific.com/ko/products/n6433600/n6433600","ko","TRUE","TRUE","FALSE","","","SKU-style URL slug","N/A","TRUE"
"https://evidentscientific.com/ko/products/n6433700/n6433700","ko","TRUE","TRUE","FALSE","","","SKU-style URL slug","N/A","TRUE"
"https://evidentscientific.com/ko/products/n6433800/n6433800","ko","TRUE","TRUE","FALSE","","","SKU-style URL slug","N/A","TRUE"
"https://evidentscientific.com/ko/products/n6444400/n6444400","ko","TRUE","TRUE","FALSE","","","SKU-style URL slug","N/A","TRUE"
"https://evidentscientific.com/ko/products/n6444500/n6444500","ko","TRUE","TRUE","FALSE","","","SKU-style URL slug","N/A","TRUE"
"https://evidentscientific.com/ko/products/n6444600/n6444600","ko","TRUE","TRUE","FALSE","","","SKU-style URL slug","N/A","TRUE"
"https://evidentscientific.com/ko/products/n6444700/n6444700","ko","TRUE","TRUE","FALSE","","","SKU-style URL slug","N/A","TRUE"
"https://evidentscientific.com/ko/products/n6444800/n6444800","ko","TRUE","TRUE","FALSE","","","SKU-style URL slug","N/A","TRUE"
"https://evidentscientific.com/ko/products/n6444900/n6444900","ko","TRUE","TRUE","FALSE","","","SKU-style URL slug","N/A","TRUE"
"https://evidentscientific.com/ko/products/n6445000/n6445000","ko","TRUE","TRUE","FALSE","","","SKU-style URL slug","N/A","TRUE"
"https://evidentscientific.com/ko/products/n6445100/n6445100","ko","TRUE","TRUE","FALSE","","","SKU-style URL slug","N/A","TRUE"
"https://evidentscientific.com/ko/products/n6445200/n6445200","ko","TRUE","TRUE","FALSE","","","SKU-style URL slug","N/A","TRUE"
"https://evidentscientific.com/ko/products/n6445300/n6445300","ko","TRUE","TRUE","FALSE","","","SKU-style URL slug","N/A","TRUE"
"https://evidentscientific.com/ko/products/n6445400/n6445400","ko","TRUE","TRUE","FALSE","","","SKU-style URL slug","N/A","TRUE"
"https://evidentscientific.com/ko/products/n6445500/n6445500","ko","TRUE","TRUE","FALSE","","","SKU-style URL slug","N/A","TRUE"
"https://evidentscientific.com/ko/products/n6445600/n6445600","ko","TRUE","TRUE","FALSE","","","SKU-style URL slug","N/A","TRUE"
"https://evidentscientific.com/ko/products/n6454300/n6454300","ko","TRUE","TRUE","FALSE","","","SKU-style URL slug","N/A","TRUE"
"https://evidentscientific.com/ko/products/n6454400/n6454400","ko","TRUE","TRUE","FALSE","","","SKU-style URL slug","N/A","TRUE"
"https://evidentscientific.com/ko/products/n6455600/n6455600","ko","TRUE","TRUE","FALSE","","","SKU-style URL slug","N/A","TRUE"
"https://evidentscientific.com/ko/products/n6455700/n6455700","ko","TRUE","TRUE","FALSE","","","SKU-style URL slug","N/A","TRUE"
"https://evidentscientific.com/ko/products/n6455800/n6455800","ko","TRUE","TRUE","FALSE","","","SKU-style URL slug","N/A","TRUE"
"https://evidentscientific.com/ko/products/o661175/o661175","ko","TRUE","TRUE","FALSE","","","SKU-style URL slug","N/A","TRUE"
"https://evidentscientific.com/ko/products/pln20xcy/pln20xcy","ko","TRUE","TRUE","FALSE","","","SKU-style URL slug","N/A","TRUE"
"https://evidentscientific.com/ko/products/pln4xcy/pln4xcy","ko","TRUE","TRUE","FALSE","","","SKU-style URL slug","N/A","TRUE"
"https://evidentscientific.com/ko/products/we108019/we108019","ko","TRUE","TRUE","FALSE","","","SKU-style URL slug","N/A","TRUE"
"https://evidentscientific.com/ko/products/we402458/we402458","ko","TRUE","TRUE","FALSE","","","SKU-style URL slug","N/A","TRUE"
"https://evidentscientific.com/zh/products/1460500/1460500","zh","TRUE","TRUE","FALSE","","","SKU-style URL slug","N/A","TRUE"
"https://evidentscientific.com/zh/products/562445024/562445024","zh","TRUE","TRUE","FALSE","","","SKU-style URL slug","N/A","TRUE"
"https://evidentscientific.com/zh/products/562445135/562445135","zh","TRUE","TRUE","FALSE","","","SKU-style URL slug","N/A","TRUE"
"https://evidentscientific.com/zh/products/8000302/8000302","zh","TRUE","TRUE","FALSE","","","SKU-style URL slug","N/A","TRUE"
"https://evidentscientific.com/zh/products/a822482/a822482","zh","TRUE","TRUE","FALSE","","","SKU-style URL slug","N/A","TRUE"
"https://evidentscientific.com/zh/products/aq885201/aq885201","zh","TRUE","TRUE","FALSE","","","SKU-style URL slug","N/A","TRUE"
"https://evidentscientific.com/zh/products/as208300/as208300","zh","TRUE","TRUE","FALSE","","","SKU-style URL slug","N/A","TRUE"
"https://evidentscientific.com/zh/products/av776901/av776901","zh","TRUE","TRUE","FALSE","","","SKU-style URL slug","N/A","TRUE"
"https://evidentscientific.com/zh/products/av832300/av832300","zh","TRUE","TRUE","FALSE","","","SKU-style URL slug","N/A","TRUE"
"https://evidentscientific.com/zh/products/aw096401/aw096401","zh","TRUE","TRUE","FALSE","","","SKU-style URL slug","N/A","TRUE"
"https://evidentscientific.com/zh/products/aw700200/aw700200","zh","TRUE","TRUE","FALSE","","","SKU-style URL slug","N/A","TRUE"
"https://evidentscientific.com/zh/products/aw763200/aw763200","zh","TRUE","TRUE","FALSE","","","SKU-style URL slug","N/A","TRUE"
"https://evidentscientific.com/zh/products/aw776500/aw776500","zh","TRUE","TRUE","FALSE","","","SKU-style URL slug","N/A","TRUE"
"https://evidentscientific.com/zh/products/ax0001/ax0001","zh","TRUE","TRUE","FALSE","","","SKU-style URL slug","N/A","TRUE"
"https://evidentscientific.com/zh/products/ax0003/ax0003","zh","TRUE","TRUE","FALSE","","","SKU-style URL slug","N/A","TRUE"
"https://evidentscientific.com/zh/products/dk521600/dk521600","zh","TRUE","TRUE","FALSE","","","SKU-style URL slug","N/A","TRUE"
"https://evidentscientific.com/zh/products/dl405700/dl405700","zh","TRUE","TRUE","FALSE","","","SKU-style URL slug","N/A","TRUE"
"https://evidentscientific.com/zh/products/do141301/do141301","zh","TRUE","TRUE","FALSE","","","SKU-style URL slug","N/A","TRUE"
"https://evidentscientific.com/zh/products/e0435882/e0435882","zh","TRUE","TRUE","FALSE","","","SKU-style URL slug","N/A","TRUE"
"https://evidentscientific.com/zh/products/e9700719/e9700719","zh","TRUE","TRUE","FALSE","","","SKU-style URL slug","N/A","TRUE"
"https://evidentscientific.com/zh/products/e9701557/e9701557","zh","TRUE","TRUE","FALSE","","","SKU-style URL slug","N/A","TRUE"
"https://evidentscientific.com/zh/products/e9701714/e9701714","zh","TRUE","TRUE","FALSE","","","SKU-style URL slug","N/A","TRUE"
"https://evidentscientific.com/zh/products/e9701832/e9701832","zh","TRUE","TRUE","FALSE","","","SKU-style URL slug","N/A","TRUE"
"https://evidentscientific.com/zh/products/e9701883/e9701883","zh","TRUE","TRUE","FALSE","","","SKU-style URL slug","N/A","TRUE"
"https://evidentscientific.com/zh/products/ja768201/ja768201","zh","TRUE","TRUE","FALSE","","","SKU-style URL slug","N/A","TRUE"
"https://evidentscientific.com/zh/products/jb428302/jb428302","zh","TRUE","TRUE","FALSE","","","SKU-style URL slug","N/A","TRUE"
"https://evidentscientific.com/zh/products/jb901600/jb901600","zh","TRUE","TRUE","FALSE","","","SKU-style URL slug","N/A","TRUE"
"https://evidentscientific.com/zh/products/jb952600/jb952600","zh","TRUE","TRUE","FALSE","","","SKU-style URL slug","N/A","TRUE"
"https://evidentscientific.com/zh/products/jd003700/jd003700","zh","TRUE","TRUE","FALSE","","","SKU-style URL slug","N/A","TRUE"
"https://evidentscientific.com/zh/products/jd022600/jd022600","zh","TRUE","TRUE","FALSE","","","SKU-style URL slug","N/A","TRUE"
"https://evidentscientific.com/zh/products/jd040800/jd040800","zh","TRUE","TRUE","FALSE","","","SKU-style URL slug","N/A","TRUE"
"https://evidentscientific.com/zh/products/ju552600/ju552600","zh","TRUE","TRUE","FALSE","","","SKU-style URL slug","N/A","TRUE"
"https://evidentscientific.com/zh/products/jw119700/jw119700","zh","TRUE","TRUE","FALSE","","","SKU-style URL slug","N/A","TRUE"
"https://evidentscientific.com/zh/products/jw121600/jw121600","zh","TRUE","TRUE","FALSE","","","SKU-style URL slug","N/A","TRUE"
"https://evidentscientific.com/zh/products/jw126000/jw126000","zh","TRUE","TRUE","FALSE","","","SKU-style URL slug","N/A","TRUE"
"https://evidentscientific.com/zh/products/jw135100/jw135100","zh","TRUE","TRUE","FALSE","","","SKU-style URL slug","N/A","TRUE"
"https://evidentscientific.com/zh/products/jw140800/jw140800","zh","TRUE","TRUE","FALSE","","","SKU-style URL slug","N/A","TRUE"
"https://evidentscientific.com/zh/products/jw149300/jw149300","zh","TRUE","TRUE","FALSE","","","SKU-style URL slug","N/A","TRUE"
"https://evidentscientific.com/zh/products/jw499400/jw499400","zh","TRUE","TRUE","FALSE","","","SKU-style URL slug","N/A","TRUE"
"https://evidentscientific.com/zh/products/jy418900/jy418900","zh","TRUE","TRUE","FALSE","","","SKU-style URL slug","N/A","TRUE"
"https://evidentscientific.com/zh/products/n1129900/n1129900","zh","TRUE","TRUE","FALSE","","","SKU-style URL slug","N/A","TRUE"
"https://evidentscientific.com/zh/products/n1130000/n1130000","zh","TRUE","TRUE","FALSE","","","SKU-style URL slug","N/A","TRUE"
"https://evidentscientific.com/zh/products/n1153000/n1153000","zh","TRUE","TRUE","FALSE","","","SKU-style URL slug","N/A","TRUE"
"https://evidentscientific.com/zh/products/n1157500/n1157500","zh","TRUE","TRUE","FALSE","","","SKU-style URL slug","N/A","TRUE"
"https://evidentscientific.com/zh/products/n1198000/n1198000","zh","TRUE","TRUE","FALSE","","","SKU-style URL slug","N/A","TRUE"
"https://evidentscientific.com/zh/products/n1198100/n1198100","zh","TRUE","TRUE","FALSE","","","SKU-style URL slug","N/A","TRUE"
"https://evidentscientific.com/zh/products/n1198200/n1198200","zh","TRUE","TRUE","FALSE","","","SKU-style URL slug","N/A","TRUE"
"https://evidentscientific.com/zh/products/n1198300/n1198300","zh","TRUE","TRUE","FALSE","","","SKU-style URL slug","N/A","TRUE"
"https://evidentscientific.com/zh/products/n1199900/n1199900","zh","TRUE","TRUE","FALSE","","","SKU-style URL slug","N/A","TRUE"
"https://evidentscientific.com/zh/products/n1200000/n1200000","zh","TRUE","TRUE","FALSE","","","SKU-style URL slug","N/A","TRUE"
"https://evidentscientific.com/zh/products/n1200600/n1200600","zh","TRUE","TRUE","FALSE","","","SKU-style URL slug","N/A","TRUE"
"https://evidentscientific.com/zh/products/n1215800/n1215800","zh","TRUE","TRUE","FALSE","","","SKU-style URL slug","N/A","TRUE"
"https://evidentscientific.com/zh/products/n1216500/n1216500","zh","TRUE","TRUE","FALSE","","","SKU-style URL slug","N/A","TRUE"
"https://evidentscientific.com/zh/products/n1220900/n1220900","zh","TRUE","TRUE","FALSE","","","SKU-style URL slug","N/A","TRUE"
"https://evidentscientific.com/zh/products/n1221000/n1221000","zh","TRUE","TRUE","FALSE","","","SKU-style URL slug","N/A","TRUE"
"https://evidentscientific.com/zh/products/n1221200/n1221200","zh","TRUE","TRUE","FALSE","","","SKU-style URL slug","N/A","TRUE"
"https://evidentscientific.com/zh/products/n1468400/n1468400","zh","TRUE","TRUE","FALSE","","","SKU-style URL slug","N/A","TRUE"
"https://evidentscientific.com/zh/products/n1480000/n1480000","zh","TRUE","TRUE","FALSE","","","SKU-style URL slug","N/A","TRUE"
"https://evidentscientific.com/zh/products/n1480100/n1480100","zh","TRUE","TRUE","FALSE","","","SKU-style URL slug","N/A","TRUE"
"https://evidentscientific.com/zh/products/n1480200/n1480200","zh","TRUE","TRUE","FALSE","","","SKU-style URL slug","N/A","TRUE"
"https://evidentscientific.com/zh/products/n1480300/n1480300","zh","TRUE","TRUE","FALSE","","","SKU-style URL slug","N/A","TRUE"
"https://evidentscientific.com/zh/products/n1480500/n1480500","zh","TRUE","TRUE","FALSE","","","SKU-style URL slug","N/A","TRUE"
"https://evidentscientific.com/zh/products/n1480700/n1480700","zh","TRUE","TRUE","FALSE","","","SKU-style URL slug","N/A","TRUE"
"https://evidentscientific.com/zh/products/n1480800/n1480800","zh","TRUE","TRUE","FALSE","","","SKU-style URL slug","N/A","TRUE"
"https://evidentscientific.com/zh/products/n1480900/n1480900","zh","TRUE","TRUE","FALSE","","","SKU-style URL slug","N/A","TRUE"
"https://evidentscientific.com/zh/products/n1489500/n1489500","zh","TRUE","TRUE","FALSE","","","SKU-style URL slug","N/A","TRUE"
"https://evidentscientific.com/zh/products/n1491600/n1491600","zh","TRUE","TRUE","FALSE","","","SKU-style URL slug","N/A","TRUE"
"https://evidentscientific.com/zh/products/n1507300/n1507300","zh","TRUE","TRUE","FALSE","","","SKU-style URL slug","N/A","TRUE"
"https://evidentscientific.com/zh/products/n1507400/n1507400","zh","TRUE","TRUE","FALSE","","","SKU-style URL slug","N/A","TRUE"
"https://evidentscientific.com/zh/products/n1507600/n1507600","zh","TRUE","TRUE","FALSE","","","SKU-style URL slug","N/A","TRUE"
"https://evidentscientific.com/zh/products/n1507800/n1507800","zh","TRUE","TRUE","FALSE","","","SKU-style URL slug","N/A","TRUE"
"https://evidentscientific.com/zh/products/n1507900/n1507900","zh","TRUE","TRUE","FALSE","","","SKU-style URL slug","N/A","TRUE"
"https://evidentscientific.com/zh/products/n1510600/n1510600","zh","TRUE","TRUE","FALSE","","","SKU-style URL slug","N/A","TRUE"
"https://evidentscientific.com/zh/products/n1510900/n1510900","zh","TRUE","TRUE","FALSE","","","SKU-style URL slug","N/A","TRUE"
"https://evidentscientific.com/zh/products/n1511000/n1511000","zh","TRUE","TRUE","FALSE","","","SKU-style URL slug","N/A","TRUE"
"https://evidentscientific.com/zh/products/n1511200/n1511200","zh","TRUE","TRUE","FALSE","","","SKU-style URL slug","N/A","TRUE"
"https://evidentscientific.com/zh/products/n1511300/n1511300","zh","TRUE","TRUE","FALSE","","","SKU-style URL slug","N/A","TRUE"
"https://evidentscientific.com/zh/products/n1561400/n1561400","zh","TRUE","TRUE","FALSE","","","SKU-style URL slug","N/A","TRUE"
"https://evidentscientific.com/zh/products/n1977500/n1977500","zh","TRUE","TRUE","FALSE","","","SKU-style URL slug","N/A","TRUE"
"https://evidentscientific.com/zh/products/n1977800/n1977800","zh","TRUE","TRUE","FALSE","","","SKU-style URL slug","N/A","TRUE"
"https://evidentscientific.com/zh/products/n1977900/n1977900","zh","TRUE","TRUE","FALSE","","","SKU-style URL slug","N/A","TRUE"
"https://evidentscientific.com/zh/products/n1978100/n1978100","zh","TRUE","TRUE","FALSE","","","SKU-style URL slug","N/A","TRUE"
"https://evidentscientific.com/zh/products/n1978300/n1978300","zh","TRUE","TRUE","FALSE","","","SKU-style URL slug","N/A","TRUE"
"https://evidentscientific.com/zh/products/n1978400/n1978400","zh","TRUE","TRUE","FALSE","","","SKU-style URL slug","N/A","TRUE"
"https://evidentscientific.com/zh/products/n1979600/n1979600","zh","TRUE","TRUE","FALSE","","","SKU-style URL slug","N/A","TRUE"
"https://evidentscientific.com/zh/products/n2165400/n2165400","zh","TRUE","TRUE","FALSE","","","SKU-style URL slug","N/A","TRUE"
"https://evidentscientific.com/zh/products/n2165600/n2165600","zh","TRUE","TRUE","FALSE","","","SKU-style URL slug","N/A","TRUE"
"https://evidentscientific.com/zh/products/n2178900/n2178900","zh","TRUE","TRUE","FALSE","","","SKU-style URL slug","N/A","TRUE"
"https://evidentscientific.com/zh/products/n2181000/n2181000","zh","TRUE","TRUE","FALSE","","","SKU-style URL slug","N/A","TRUE"
"https://evidentscientific.com/zh/products/n2181100/n2181100","zh","TRUE","TRUE","FALSE","","","SKU-style URL slug","N/A","TRUE"
"https://evidentscientific.com/zh/products/n2181200/n2181200","zh","TRUE","TRUE","FALSE","","","SKU-style URL slug","N/A","TRUE"
"https://evidentscientific.com/zh/products/n2181300/n2181300","zh","TRUE","TRUE","FALSE","","","SKU-style URL slug","N/A","TRUE"
"https://evidentscientific.com/zh/products/n2181400/n2181400","zh","TRUE","TRUE","FALSE","","","SKU-style URL slug","N/A","TRUE"
"https://evidentscientific.com/zh/products/n2181800/n2181800","zh","TRUE","TRUE","FALSE","","","SKU-style URL slug","N/A","TRUE"
"https://evidentscientific.com/zh/products/n2181900/n2181900","zh","TRUE","TRUE","FALSE","","","SKU-style URL slug","N/A","TRUE"
"https://evidentscientific.com/zh/products/n2182300/n2182300","zh","TRUE","TRUE","FALSE","","","SKU-style URL slug","N/A","TRUE"
"https://evidentscientific.com/zh/products/n2182400/n2182400","zh","TRUE","TRUE","FALSE","","","SKU-style URL slug","N/A","TRUE"
"https://evidentscientific.com/zh/products/n2182500/n2182500","zh","TRUE","TRUE","FALSE","","","SKU-style URL slug","N/A","TRUE"
"https://evidentscientific.com/zh/products/n2182900/n2182900","zh","TRUE","TRUE","FALSE","","","SKU-style URL slug","N/A","TRUE"
"https://evidentscientific.com/zh/products/n2183000/n2183000","zh","TRUE","TRUE","FALSE","","","SKU-style URL slug","N/A","TRUE"
"https://evidentscientific.com/zh/products/n2183100/n2183100","zh","TRUE","TRUE","FALSE","","","SKU-style URL slug","N/A","TRUE"
"https://evidentscientific.com/zh/products/n2183200/n2183200","zh","TRUE","TRUE","FALSE","","","SKU-style URL slug","N/A","TRUE"
"https://evidentscientific.com/zh/products/n2183300/n2183300","zh","TRUE","TRUE","FALSE","","","SKU-style URL slug","N/A","TRUE"
"https://evidentscientific.com/zh/products/n2183400/n2183400","zh","TRUE","TRUE","FALSE","","","SKU-style URL slug","N/A","TRUE"
"https://evidentscientific.com/zh/products/n2183500/n2183500","zh","TRUE","TRUE","FALSE","","","SKU-style URL slug","N/A","TRUE"
"https://evidentscientific.com/zh/products/n2183600/n2183600","zh","TRUE","TRUE","FALSE","","","SKU-style URL slug","N/A","TRUE"
"https://evidentscientific.com/zh/products/n2183700/n2183700","zh","TRUE","TRUE","FALSE","","","SKU-style URL slug","N/A","TRUE"
"https://evidentscientific.com/zh/products/n2183800/n2183800","zh","TRUE","TRUE","FALSE","","","SKU-style URL slug","N/A","TRUE"
"https://evidentscientific.com/zh/products/n2183900/n2183900","zh","TRUE","TRUE","FALSE","","","SKU-style URL slug","N/A","TRUE"
"https://evidentscientific.com/zh/products/n2184000/n2184000","zh","TRUE","TRUE","FALSE","","","SKU-style URL slug","N/A","TRUE"
"https://evidentscientific.com/zh/products/n2190100/n2190100","zh","TRUE","TRUE","FALSE","","","SKU-style URL slug","N/A","TRUE"
"https://evidentscientific.com/zh/products/n2190200/n2190200","zh","TRUE","TRUE","FALSE","","","SKU-style URL slug","N/A","TRUE"
"https://evidentscientific.com/zh/products/n2190400/n2190400","zh","TRUE","TRUE","FALSE","","","SKU-style URL slug","N/A","TRUE"
"https://evidentscientific.com/zh/products/n2190900/n2190900","zh","TRUE","TRUE","FALSE","","","SKU-style URL slug","N/A","TRUE"
"https://evidentscientific.com/zh/products/n2191000/n2191000","zh","TRUE","TRUE","FALSE","","","SKU-style URL slug","N/A","TRUE"
"https://evidentscientific.com/zh/products/n2192400/n2192400","zh","TRUE","TRUE","FALSE","","","SKU-style URL slug","N/A","TRUE"
"https://evidentscientific.com/zh/products/n2194100/n2194100","zh","TRUE","TRUE","FALSE","","","SKU-style URL slug","N/A","TRUE"
"https://evidentscientific.com/zh/products/n2205200/n2205200","zh","TRUE","TRUE","FALSE","","","SKU-style URL slug","N/A","TRUE"
"https://evidentscientific.com/zh/products/n2215900/n2215900","zh","TRUE","TRUE","FALSE","","","SKU-style URL slug","N/A","TRUE"
"https://evidentscientific.com/zh/products/n2216000/n2216000","zh","TRUE","TRUE","FALSE","","","SKU-style URL slug","N/A","TRUE"
"https://evidentscientific.com/zh/products/n2216100/n2216100","zh","TRUE","TRUE","FALSE","","","SKU-style URL slug","N/A","TRUE"
"https://evidentscientific.com/zh/products/n2216300/n2216300","zh","TRUE","TRUE","FALSE","","","SKU-style URL slug","N/A","TRUE"
"https://evidentscientific.com/zh/products/n2246400/n2246400","zh","TRUE","TRUE","FALSE","","","SKU-style URL slug","N/A","TRUE"
"https://evidentscientific.com/zh/products/n2246500/n2246500","zh","TRUE","TRUE","FALSE","","","SKU-style URL slug","N/A","TRUE"
"https://evidentscientific.com/zh/products/n2246600/n2246600","zh","TRUE","TRUE","FALSE","","","SKU-style URL slug","N/A","TRUE"
"https://evidentscientific.com/zh/products/n2246700/n2246700","zh","TRUE","TRUE","FALSE","","","SKU-style URL slug","N/A","TRUE"
"https://evidentscientific.com/zh/products/n2249100/n2249100","zh","TRUE","TRUE","FALSE","","","SKU-style URL slug","N/A","TRUE"
"https://evidentscientific.com/zh/products/n2667500/n2667500","zh","TRUE","TRUE","FALSE","","","SKU-style URL slug","N/A","TRUE"
"https://evidentscientific.com/zh/products/n2667600/n2667600","zh","TRUE","TRUE","FALSE","","","SKU-style URL slug","N/A","TRUE"
"https://evidentscientific.com/zh/products/n2667700/n2667700","zh","TRUE","TRUE","FALSE","","","SKU-style URL slug","N/A","TRUE"
"https://evidentscientific.com/zh/products/n2667800/n2667800","zh","TRUE","TRUE","FALSE","","","SKU-style URL slug","N/A","TRUE"
"https://evidentscientific.com/zh/products/n2667900/n2667900","zh","TRUE","TRUE","FALSE","","","SKU-style URL slug","N/A","TRUE"
"https://evidentscientific.com/zh/products/n2678200/n2678200","zh","TRUE","TRUE","FALSE","","","SKU-style URL slug","N/A","TRUE"
"https://evidentscientific.com/zh/products/n2678300/n2678300","zh","TRUE","TRUE","FALSE","","","SKU-style URL slug","N/A","TRUE"
"https://evidentscientific.com/zh/products/n2678400/n2678400","zh","TRUE","TRUE","FALSE","","","SKU-style URL slug","N/A","TRUE"
"https://evidentscientific.com/zh/products/n2699300/n2699300","zh","TRUE","TRUE","FALSE","","","SKU-style URL slug","N/A","TRUE"
"https://evidentscientific.com/zh/products/n2699400/n2699400","zh","TRUE","TRUE","FALSE","","","SKU-style URL slug","N/A","TRUE"
"https://evidentscientific.com/zh/products/n2699600/n2699600","zh","TRUE","TRUE","FALSE","","","SKU-style URL slug","N/A","TRUE"
"https://evidentscientific.com/zh/products/n2709100/n2709100","zh","TRUE","TRUE","FALSE","","","SKU-style URL slug","N/A","TRUE"
"https://evidentscientific.com/zh/products/n2709300/n2709300","zh","TRUE","TRUE","FALSE","","","SKU-style URL slug","N/A","TRUE"
"https://evidentscientific.com/zh/products/n2709400/n2709400","zh","TRUE","TRUE","FALSE","","","SKU-style URL slug","N/A","TRUE"
"https://evidentscientific.com/zh/products/n2709500/n2709500","zh","TRUE","TRUE","FALSE","","","SKU-style URL slug","N/A","TRUE"
"https://evidentscientific.com/zh/products/n2709600/n2709600","zh","TRUE","TRUE","FALSE","","","SKU-style URL slug","N/A","TRUE"
"https://evidentscientific.com/zh/products/n2711800/n2711800","zh","TRUE","TRUE","FALSE","","","SKU-style URL slug","N/A","TRUE"
"https://evidentscientific.com/zh/products/n2711900/n2711900","zh","TRUE","TRUE","FALSE","","","SKU-style URL slug","N/A","TRUE"
"https://evidentscientific.com/zh/products/n2712000/n2712000","zh","TRUE","TRUE","FALSE","","","SKU-style URL slug","N/A","TRUE"
"https://evidentscientific.com/zh/products/n2712100/n2712100","zh","TRUE","TRUE","FALSE","","","SKU-style URL slug","N/A","TRUE"
"https://evidentscientific.com/zh/products/n2712300/n2712300","zh","TRUE","TRUE","FALSE","","","SKU-style URL slug","N/A","TRUE"
"https://evidentscientific.com/zh/products/n2712500/n2712500","zh","TRUE","TRUE","FALSE","","","SKU-style URL slug","N/A","TRUE"
"https://evidentscientific.com/zh/products/n2712600/n2712600","zh","TRUE","TRUE","FALSE","","","SKU-style URL slug","N/A","TRUE"
"https://evidentscientific.com/zh/products/n2712700/n2712700","zh","TRUE","TRUE","FALSE","","","SKU-style URL slug","N/A","TRUE"
"https://evidentscientific.com/zh/products/n2712800/n2712800","zh","TRUE","TRUE","FALSE","","","SKU-style URL slug","N/A","TRUE"
"https://evidentscientific.com/zh/products/n2712900/n2712900","zh","TRUE","TRUE","FALSE","","","SKU-style URL slug","N/A","TRUE"
"https://evidentscientific.com/zh/products/n2713000/n2713000","zh","TRUE","TRUE","FALSE","","","SKU-style URL slug","N/A","TRUE"
"https://evidentscientific.com/zh/products/n2713100/n2713100","zh","TRUE","TRUE","FALSE","","","SKU-style URL slug","N/A","TRUE"
"https://evidentscientific.com/zh/products/n2713200/n2713200","zh","TRUE","TRUE","FALSE","","","SKU-style URL slug","N/A","TRUE"
"https://evidentscientific.com/zh/products/n2713300/n2713300","zh","TRUE","TRUE","FALSE","","","SKU-style URL slug","N/A","TRUE"
"https://evidentscientific.com/zh/products/n2713400/n2713400","zh","TRUE","TRUE","FALSE","","","SKU-style URL slug","N/A","TRUE"
"https://evidentscientific.com/zh/products/n2713500/n2713500","zh","TRUE","TRUE","FALSE","","","SKU-style URL slug","N/A","TRUE"
"https://evidentscientific.com/zh/products/n2713600/n2713600","zh","TRUE","TRUE","FALSE","","","SKU-style URL slug","N/A","TRUE"
"https://evidentscientific.com/zh/products/n2713700/n2713700","zh","TRUE","TRUE","FALSE","","","SKU-style URL slug","N/A","TRUE"
"https://evidentscientific.com/zh/products/n2713800/n2713800","zh","TRUE","TRUE","FALSE","","","SKU-style URL slug","N/A","TRUE"
"https://evidentscientific.com/zh/products/n2738000/n2738000","zh","TRUE","TRUE","FALSE","","","SKU-style URL slug","N/A","TRUE"
"https://evidentscientific.com/zh/products/n2738700/n2738700","zh","TRUE","TRUE","FALSE","","","SKU-style URL slug","N/A","TRUE"
"https://evidentscientific.com/zh/products/n2738800/n2738800","zh","TRUE","TRUE","FALSE","","","SKU-style URL slug","N/A","TRUE"
"https://evidentscientific.com/zh/products/n2738900/n2738900","zh","TRUE","TRUE","FALSE","","","SKU-style URL slug","N/A","TRUE"
"https://evidentscientific.com/zh/products/n2739000/n2739000","zh","TRUE","TRUE","FALSE","","","SKU-style URL slug","N/A","TRUE"
"https://evidentscientific.com/zh/products/n2739100/n2739100","zh","TRUE","TRUE","FALSE","","","SKU-style URL slug","N/A","TRUE"
"https://evidentscientific.com/zh/products/n2750100/n2750100","zh","TRUE","TRUE","FALSE","","","SKU-style URL slug","N/A","TRUE"
"https://evidentscientific.com/zh/products/n2750300/n2750300","zh","TRUE","TRUE","FALSE","","","SKU-style URL slug","N/A","TRUE"
"https://evidentscientific.com/zh/products/n2756500/n2756500","zh","TRUE","TRUE","FALSE","","","SKU-style URL slug","N/A","TRUE"
"https://evidentscientific.com/zh/products/n2756600/n2756600","zh","TRUE","TRUE","FALSE","","","SKU-style URL slug","N/A","TRUE"
"https://evidentscientific.com/zh/products/n2757000/n2757000","zh","TRUE","TRUE","FALSE","","","SKU-style URL slug","N/A","TRUE"
"https://evidentscientific.com/zh/products/n2757400/n2757400","zh","TRUE","TRUE","FALSE","","","SKU-style URL slug","N/A","TRUE"
"https://evidentscientific.com/zh/products/n4212100/n4212100","zh","TRUE","TRUE","FALSE","","","SKU-style URL slug","N/A","TRUE"
"https://evidentscientific.com/zh/products/n4227000/n4227000","zh","TRUE","TRUE","FALSE","","","SKU-style URL slug","N/A","TRUE"
"https://evidentscientific.com/zh/products/n4235000/n4235000","zh","TRUE","TRUE","FALSE","","","SKU-style URL slug","N/A","TRUE"
"https://evidentscientific.com/zh/products/n4245300/n4245300","zh","TRUE","TRUE","FALSE","","","SKU-style URL slug","N/A","TRUE"
"https://evidentscientific.com/zh/products/n4245600/n4245600","zh","TRUE","TRUE","FALSE","","","SKU-style URL slug","N/A","TRUE"
"https://evidentscientific.com/zh/products/n4246000/n4246000","zh","TRUE","TRUE","FALSE","","","SKU-style URL slug","N/A","TRUE"
"https://evidentscientific.com/zh/products/n4246100/n4246100","zh","TRUE","TRUE","FALSE","","","SKU-style URL slug","N/A","TRUE"
"https://evidentscientific.com/zh/products/n4247500/n4247500","zh","TRUE","TRUE","FALSE","","","SKU-style URL slug","N/A","TRUE"
"https://evidentscientific.com/zh/products/n4247600/n4247600","zh","TRUE","TRUE","FALSE","","","SKU-style URL slug","N/A","TRUE"
"https://evidentscientific.com/zh/products/n4247700/n4247700","zh","TRUE","TRUE","FALSE","","","SKU-style URL slug","N/A","TRUE"
"https://evidentscientific.com/zh/products/n4248100/n4248100","zh","TRUE","TRUE","FALSE","","","SKU-style URL slug","N/A","TRUE"
"https://evidentscientific.com/zh/products/n4248400/n4248400","zh","TRUE","TRUE","FALSE","","","SKU-style URL slug","N/A","TRUE"
"https://evidentscientific.com/zh/products/n4257800/n4257800","zh","TRUE","TRUE","FALSE","","","SKU-style URL slug","N/A","TRUE"
"https://evidentscientific.com/zh/products/n4262300/n4262300","zh","TRUE","TRUE","FALSE","","","SKU-style URL slug","N/A","TRUE"
"https://evidentscientific.com/zh/products/n4273900/n4273900","zh","TRUE","TRUE","FALSE","","","SKU-style URL slug","N/A","TRUE"
"https://evidentscientific.com/zh/products/n4274000/n4274000","zh","TRUE","TRUE","FALSE","","","SKU-style URL slug","N/A","TRUE"
"https://evidentscientific.com/zh/products/n4274100/n4274100","zh","TRUE","TRUE","FALSE","","","SKU-style URL slug","N/A","TRUE"
"https://evidentscientific.com/zh/products/n5145300/n5145300","zh","TRUE","TRUE","FALSE","","","SKU-style URL slug","N/A","TRUE"
"https://evidentscientific.com/zh/products/n5165000/n5165000","zh","TRUE","TRUE","FALSE","","","SKU-style URL slug","N/A","TRUE"
"https://evidentscientific.com/zh/products/n5165100/n5165100","zh","TRUE","TRUE","FALSE","","","SKU-style URL slug","N/A","TRUE"
"https://evidentscientific.com/zh/products/n5165200/n5165200","zh","TRUE","TRUE","FALSE","","","SKU-style URL slug","N/A","TRUE"
"https://evidentscientific.com/zh/products/n5186100/n5186100","zh","TRUE","TRUE","FALSE","","","SKU-style URL slug","N/A","TRUE"
"https://evidentscientific.com/zh/products/n5186200/n5186200","zh","TRUE","TRUE","FALSE","","","SKU-style URL slug","N/A","TRUE"
"https://evidentscientific.com/zh/products/n5186300/n5186300","zh","TRUE","TRUE","FALSE","","","SKU-style URL slug","N/A","TRUE"
"https://evidentscientific.com/zh/products/n5186400/n5186400","zh","TRUE","TRUE","FALSE","","","SKU-style URL slug","N/A","TRUE"
"https://evidentscientific.com/zh/products/n5186500/n5186500","zh","TRUE","TRUE","FALSE","","","SKU-style URL slug","N/A","TRUE"
"https://evidentscientific.com/zh/products/n5202500/n5202500","zh","TRUE","TRUE","FALSE","","","SKU-style URL slug","N/A","TRUE"
"https://evidentscientific.com/zh/products/n5202600/n5202600","zh","TRUE","TRUE","FALSE","","","SKU-style URL slug","N/A","TRUE"
"https://evidentscientific.com/zh/products/n5202900/n5202900","zh","TRUE","TRUE","FALSE","","","SKU-style URL slug","N/A","TRUE"
"https://evidentscientific.com/zh/products/n5203000/n5203000","zh","TRUE","TRUE","FALSE","","","SKU-style URL slug","N/A","TRUE"
"https://evidentscientific.com/zh/products/n5203100/n5203100","zh","TRUE","TRUE","FALSE","","","SKU-style URL slug","N/A","TRUE"
"https://evidentscientific.com/zh/products/n5228400/n5228400","zh","TRUE","TRUE","FALSE","","","SKU-style URL slug","N/A","TRUE"
"https://evidentscientific.com/zh/products/n5228500/n5228500","zh","TRUE","TRUE","FALSE","","","SKU-style URL slug","N/A","TRUE"
"https://evidentscientific.com/zh/products/n5228800/n5228800","zh","TRUE","TRUE","FALSE","","","SKU-style URL slug","N/A","TRUE"
"https://evidentscientific.com/zh/products/n5228900/n5228900","zh","TRUE","TRUE","FALSE","","","SKU-style URL slug","N/A","TRUE"
"https://evidentscientific.com/zh/products/n5229200/n5229200","zh","TRUE","TRUE","FALSE","","","SKU-style URL slug","N/A","TRUE"
"https://evidentscientific.com/zh/products/n5232100/n5232100","zh","TRUE","TRUE","FALSE","","","SKU-style URL slug","N/A","TRUE"
"https://evidentscientific.com/zh/products/n5667800/n5667800","zh","TRUE","TRUE","FALSE","","","SKU-style URL slug","N/A","TRUE"
"https://evidentscientific.com/zh/products/n5669300/n5669300","zh","TRUE","TRUE","FALSE","","","SKU-style URL slug","N/A","TRUE"
"https://evidentscientific.com/zh/products/n5687100/n5687100","zh","TRUE","TRUE","FALSE","","","SKU-style URL slug","N/A","TRUE"
"https://evidentscientific.com/zh/products/n5687200/n5687200","zh","TRUE","TRUE","FALSE","","","SKU-style URL slug","N/A","TRUE"
"https://evidentscientific.com/zh/products/n5701600/n5701600","zh","TRUE","TRUE","FALSE","","","SKU-style URL slug","N/A","TRUE"
"https://evidentscientific.com/zh/products/n5701700/n5701700","zh","TRUE","TRUE","FALSE","","","SKU-style URL slug","N/A","TRUE"
"https://evidentscientific.com/zh/products/n5702700/n5702700","zh","TRUE","TRUE","FALSE","","","SKU-style URL slug","N/A","TRUE"
"https://evidentscientific.com/zh/products/n5703200/n5703200","zh","TRUE","TRUE","FALSE","","","SKU-style URL slug","N/A","TRUE"
"https://evidentscientific.com/zh/products/n5703300/n5703300","zh","TRUE","TRUE","FALSE","","","SKU-style URL slug","N/A","TRUE"
"https://evidentscientific.com/zh/products/n5703400/n5703400","zh","TRUE","TRUE","FALSE","","","SKU-style URL slug","N/A","TRUE"
"https://evidentscientific.com/zh/products/n5703500/n5703500","zh","TRUE","TRUE","FALSE","","","SKU-style URL slug","N/A","TRUE"
"https://evidentscientific.com/zh/products/n5703600/n5703600","zh","TRUE","TRUE","FALSE","","","SKU-style URL slug","N/A","TRUE"
"https://evidentscientific.com/zh/products/n5703700/n5703700","zh","TRUE","TRUE","FALSE","","","SKU-style URL slug","N/A","TRUE"
"https://evidentscientific.com/zh/products/n5703800/n5703800","zh","TRUE","TRUE","FALSE","","","SKU-style URL slug","N/A","TRUE"
"https://evidentscientific.com/zh/products/n5703900/n5703900","zh","TRUE","TRUE","FALSE","","","SKU-style URL slug","N/A","TRUE"
"https://evidentscientific.com/zh/products/n5704000/n5704000","zh","TRUE","TRUE","FALSE","","","SKU-style URL slug","N/A","TRUE"
"https://evidentscientific.com/zh/products/n5704700/n5704700","zh","TRUE","TRUE","FALSE","","","SKU-style URL slug","N/A","TRUE"
"https://evidentscientific.com/zh/products/n5743700/n5743700","zh","TRUE","TRUE","FALSE","","","SKU-style URL slug","N/A","TRUE"
"https://evidentscientific.com/zh/products/n5743800/n5743800","zh","TRUE","TRUE","FALSE","","","SKU-style URL slug","N/A","TRUE"
"https://evidentscientific.com/zh/products/n5743900/n5743900","zh","TRUE","TRUE","FALSE","","","SKU-style URL slug","N/A","TRUE"
"https://evidentscientific.com/zh/products/n5744000/n5744000","zh","TRUE","TRUE","FALSE","","","SKU-style URL slug","N/A","TRUE"
"https://evidentscientific.com/zh/products/n5744100/n5744100","zh","TRUE","TRUE","FALSE","","","SKU-style URL slug","N/A","TRUE"
"https://evidentscientific.com/zh/products/n5744200/n5744200","zh","TRUE","TRUE","FALSE","","","SKU-style URL slug","N/A","TRUE"
"https://evidentscientific.com/zh/products/n5744300/n5744300","zh","TRUE","TRUE","FALSE","","","SKU-style URL slug","N/A","TRUE"
"https://evidentscientific.com/zh/products/n5744400/n5744400","zh","TRUE","TRUE","FALSE","","","SKU-style URL slug","N/A","TRUE"
"https://evidentscientific.com/zh/products/n5744500/n5744500","zh","TRUE","TRUE","FALSE","","","SKU-style URL slug","N/A","TRUE"
"https://evidentscientific.com/zh/products/n5744600/n5744600","zh","TRUE","TRUE","FALSE","","","SKU-style URL slug","N/A","TRUE"
"https://evidentscientific.com/zh/products/n6389000/n6389000","zh","TRUE","TRUE","FALSE","","","SKU-style URL slug","N/A","TRUE"
"https://evidentscientific.com/zh/products/n6389100/n6389100","zh","TRUE","TRUE","FALSE","","","SKU-style URL slug","N/A","TRUE"
"https://evidentscientific.com/zh/products/n6389200/n6389200","zh","TRUE","TRUE","FALSE","","","SKU-style URL slug","N/A","TRUE"
"https://evidentscientific.com/zh/products/n6389300/n6389300","zh","TRUE","TRUE","FALSE","","","SKU-style URL slug","N/A","TRUE"
"https://evidentscientific.com/zh/products/n6389400/n6389400","zh","TRUE","TRUE","FALSE","","","SKU-style URL slug","N/A","TRUE"
"https://evidentscientific.com/zh/products/n6389500/n6389500","zh","TRUE","TRUE","FALSE","","","SKU-style URL slug","N/A","TRUE"
"https://evidentscientific.com/zh/products/n6389600/n6389600","zh","TRUE","TRUE","FALSE","","","SKU-style URL slug","N/A","TRUE"
"https://evidentscientific.com/zh/products/n6389700/n6389700","zh","TRUE","TRUE","FALSE","","","SKU-style URL slug","N/A","TRUE"
"https://evidentscientific.com/zh/products/n6432600/n6432600","zh","TRUE","TRUE","FALSE","","","SKU-style URL slug","N/A","TRUE"
"https://evidentscientific.com/zh/products/n6432700/n6432700","zh","TRUE","TRUE","FALSE","","","SKU-style URL slug","N/A","TRUE"
"https://evidentscientific.com/zh/products/n6432900/n6432900","zh","TRUE","TRUE","FALSE","","","SKU-style URL slug","N/A","TRUE"
"https://evidentscientific.com/zh/products/n6433000/n6433000","zh","TRUE","TRUE","FALSE","","","SKU-style URL slug","N/A","TRUE"
"https://evidentscientific.com/zh/products/n6433100/n6433100","zh","TRUE","TRUE","FALSE","","","SKU-style URL slug","N/A","TRUE"
"https://evidentscientific.com/zh/products/n6433200/n6433200","zh","TRUE","TRUE","FALSE","","","SKU-style URL slug","N/A","TRUE"
"https://evidentscientific.com/zh/products/n6433300/n6433300","zh","TRUE","TRUE","FALSE","","","SKU-style URL slug","N/A","TRUE"
"https://evidentscientific.com/zh/products/n6433400/n6433400","zh","TRUE","TRUE","FALSE","","","SKU-style URL slug","N/A","TRUE"
"https://evidentscientific.com/zh/products/n6433500/n6433500","zh","TRUE","TRUE","FALSE","","","SKU-style URL slug","N/A","TRUE"
"https://evidentscientific.com/zh/products/n6433600/n6433600","zh","TRUE","TRUE","FALSE","","","SKU-style URL slug","N/A","TRUE"
"https://evidentscientific.com/zh/products/n6433700/n6433700","zh","TRUE","TRUE","FALSE","","","SKU-style URL slug","N/A","TRUE"
"https://evidentscientific.com/zh/products/n6433800/n6433800","zh","TRUE","TRUE","FALSE","","","SKU-style URL slug","N/A","TRUE"
"https://evidentscientific.com/zh/products/n6444400/n6444400","zh","TRUE","TRUE","FALSE","","","SKU-style URL slug","N/A","TRUE"
"https://evidentscientific.com/zh/products/n6444500/n6444500","zh","TRUE","TRUE","FALSE","","","SKU-style URL slug","N/A","TRUE"
"https://evidentscientific.com/zh/products/n6444600/n6444600","zh","TRUE","TRUE","FALSE","","","SKU-style URL slug","N/A","TRUE"
"https://evidentscientific.com/zh/products/n6444700/n6444700","zh","TRUE","TRUE","FALSE","","","SKU-style URL slug","N/A","TRUE"
"https://evidentscientific.com/zh/products/n6444800/n6444800","zh","TRUE","TRUE","FALSE","","","SKU-style URL slug","N/A","TRUE"
"https://evidentscientific.com/zh/products/n6444900/n6444900","zh","TRUE","TRUE","FALSE","","","SKU-style URL slug","N/A","TRUE"
"https://evidentscientific.com/zh/products/n6445000/n6445000","zh","TRUE","TRUE","FALSE","","","SKU-style URL slug","N/A","TRUE"
"https://evidentscientific.com/zh/products/n6445100/n6445100","zh","TRUE","TRUE","FALSE","","","SKU-style URL slug","N/A","TRUE"
"https://evidentscientific.com/zh/products/n6445200/n6445200","zh","TRUE","TRUE","FALSE","","","SKU-style URL slug","N/A","TRUE"
"https://evidentscientific.com/zh/products/n6445300/n6445300","zh","TRUE","TRUE","FALSE","","","SKU-style URL slug","N/A","TRUE"
"https://evidentscientific.com/zh/products/n6445400/n6445400","zh","TRUE","TRUE","FALSE","","","SKU-style URL slug","N/A","TRUE"
"https://evidentscientific.com/zh/products/n6445500/n6445500","zh","TRUE","TRUE","FALSE","","","SKU-style URL slug","N/A","TRUE"
"https://evidentscientific.com/zh/products/n6445600/n6445600","zh","TRUE","TRUE","FALSE","","","SKU-style URL slug","N/A","TRUE"
"https://evidentscientific.com/zh/products/n6454300/n6454300","zh","TRUE","TRUE","FALSE","","","SKU-style URL slug","N/A","TRUE"
"https://evidentscientific.com/zh/products/n6454400/n6454400","zh","TRUE","TRUE","FALSE","","","SKU-style URL slug","N/A","TRUE"
"https://evidentscientific.com/zh/products/n6455600/n6455600","zh","TRUE","TRUE","FALSE","","","SKU-style URL slug","N/A","TRUE"
"https://evidentscientific.com/zh/products/n6455700/n6455700","zh","TRUE","TRUE","FALSE","","","SKU-style URL slug","N/A","TRUE"
"https://evidentscientific.com/zh/products/n6455800/n6455800","zh","TRUE","TRUE","FALSE","","","SKU-style URL slug","N/A","TRUE"
"https://evidentscientific.com/zh/products/o661175/o661175","zh","TRUE","TRUE","FALSE","","","SKU-style URL slug","N/A","TRUE"
"https://evidentscientific.com/zh/products/pln20xcy/pln20xcy","zh","TRUE","TRUE","FALSE","","","SKU-style URL slug","N/A","TRUE"
"https://evidentscientific.com/zh/products/pln4xcy/pln4xcy","zh","TRUE","TRUE","FALSE","","","SKU-style URL slug","N/A","TRUE"
"https://evidentscientific.com/zh/products/we108019/we108019","zh","TRUE","TRUE","FALSE","","","SKU-style URL slug","N/A","TRUE"
"https://evidentscientific.com/zh/products/we402458/we402458","zh","TRUE","TRUE","FALSE","","","SKU-style URL slug","N/A","TRUE"
